Insurance Type,Zip code,First name,Last name,Date of birth,Gender,Address,City,State,Auto insurance coverage?,Property Type,# units,# unrelated roommates,roommate names,# property losses in last 3 years,Phone number,Email address,Fire Sprinkler System?,Central Fire & Burglar Alarm?,Local Fire / Smoke Alarm?,Home Security?,Non Smoking Household?,Local Burglar Alarm?,Unusual hazards?,Dogs that bite?,Run a business from home?,Start date,Personal property worth,Loss of use,Medical payments,Personal liability,Farmers Identity Protection,Deductible,Policy Price,Annual Policy Price,Agent Name,Agent Address,Agent Phone Number,Quote Number
Renters,94304,Gideon,Wagner,04/05/1990,m,700 Clark Way,Palo Alto,CA,N,RENTED HOUSE - SINGLE FAMILY,5+,0,,0,(707) 361-4060,elijah.nichols@gmail.com,Y,Y,Y,Y,Y,Y,NONE,N,N,Keep default.,4000,Keep default,1000,100000,N,250,$10.83,$130.00,John Kikes,"Danville, CA",(925) 820-6661,#30657491
Renters,95050,Jacob,Flowers,06/06/1986,m,444 Saratoga Ave,Santa Clara,CA,N,RENTED HOUSE - SINGLE FAMILY,5+,0,,0,(510) 758-6874,elijah.nichols@gmail.com,Y,Y,Y,Y,Y,Y,NONE,N,N,Keep default.,4000,Keep default,1000,100000,N,500,$10.83,$130.00,CALVIN COLEMAN INS AGCY INC,"Salt Lake Cty, UT",(801) 466-1554,#10645472
Renters,95123,Evelyn,Doyle,03/03/1988,m,150 Palm Valley Blvd,San Jose,CA,N,RENTED HOUSE - SINGLE FAMILY,5+,0,,0,(650) 425-3914,aidan.briggs@gmail.com,Y,Y,Y,Y,Y,Y,NONE,N,N,Keep default.,4000,Keep default,1000,100000,N,1000,$10.83,$130.00,Bin Lu,"San Jose, CA",(408) 728-9789,#83736761
Renters,95035,Benjamin,Williams,02/04/1989,m,440 Dixon Landing Rd,Milpitas,CA,N,RENTED HOUSE - SINGLE FAMILY,5+,0,,0,(415) 956-8858,anabel.patton@gmail.com,Y,Y,Y,Y,Y,Y,NONE,N,N,Keep default.,4000,Keep default,1000,100000,N,1500,$10.83,$130.00,Thomas Truong,"Milpitas, CA",(408) 935-8888,#92087465
Renters,95035,Sawyer,Park,02/04/1989,f,440 Dixon Landing Rd,Milpitas,CA,N,RENTED HOUSE - SINGLE FAMILY,5+,0,,0,(415) 673-7545,clara.kirby@gmail.com,Y,Y,Y,Y,Y,Y,NONE,N,N,Keep default.,4000,Keep default,1000,100000,N,5000,$10.83,$130.00,Thomas Truong,"Milpitas, CA",(408) 935-8888,#01800386
Renters,95014,Kole,Hines,06/06/1986,f,7375 Rollingdell Dr,Cupertino,CA,N,RENTED HOUSE - SINGLE FAMILY,5+,0,,0,(408) 923-3200,oliver.floyd@gmail.com,Y,Y,Y,Y,Y,Y,NONE,N,N,Keep default.,4000,Keep default,1000,300000,N,250,$12.09,$145.07,John Williams,"San Jose, CA",(408) 227-2560,#32202212
Renters,95030,Emmett,Murphy,12/1/1988,m,347 Massol Ave,Los Gatos,CA,N,RENTED HOUSE - SINGLE FAMILY,5+,0,,0,(415) 345-4400,aidan.briggs@gmail.com,Y,Y,Y,Y,Y,Y,NONE,N,N,Keep default.,4000,Keep default,1000,300000,N,500,$11.29,$135.46,Mary Badame,"Los Gatos, CA",(408) 395-1113,#68506097
Renters,95134,Micah,Griffin,11/12/1990,f,70 Descanso Dr,San Jose,CA,N,RENTED HOUSE - SINGLE FAMILY,5+,0,,0,(415) 285-5966,clara.kirby@gmail.com,Y,Y,Y,Y,Y,Y,NONE,N,N,Keep default.,4000,Keep default,1000,300000,N,1000,$10.83,$130.00,Jun Kim,"San Jose, CA",(408) 715-7784,#73321517
Renters,95123,Cole,Monroe,12/1/1988,m,1045 Coleman Rd,San Jose,CA,N,RENTED HOUSE - SINGLE FAMILY,5+,0,,0,(619) 255-4000,norah.alvarado@gmail.com,Y,Y,Y,Y,Y,Y,NONE,N,N,Keep default.,4000,Keep default,1000,300000,N,1500,$11.68,$140.21,Roy Chetty,"San Jose, CA",(408) 872-2500,#85142392
Renters,95035,Sophia,Franklin,02/04/1989,m,555 S Park Victoria Dr,Milpitas,CA,N,RENTED HOUSE - SINGLE FAMILY,5+,0,,0,(415) 922-0111,vivien.shepherd@gmail.com,Y,Y,Y,Y,Y,Y,NONE,N,N,Keep default.,4000,Keep default,1000,300000,N,5000,$10.83,$130.00,David Dovinh,"Milpitas, CA",(408) 300-0555,#94980912
Renters,95054,Xavier,Moran,03/27/1987,m,4500 Carlyle Ct,Santa Clara,CA,N,RENTED HOUSE - SINGLE FAMILY,5+,0,,0,(619) 293-3888,anabel.patton@gmail.com,Y,Y,Y,Y,Y,Y,NONE,N,N,Keep default.,10000,Keep default,1000,100000,N,250,$10.83,$130.00,Kevin Fitzpatrick,"Sunnyvale, CA",(408) 736-5395,#94148928
Renters,95030,Leah,Freeman,11/18/1989,f,347 Massol Ave,Los Gatos,CA,N,RENTED HOUSE - SINGLE FAMILY,5+,0,,0,(650) 758-4888,jakob.cox@gmail.com,Y,Y,Y,Y,Y,Y,NONE,N,N,Keep default.,10000,Keep default,1000,100000,N,500,$10.83,$130.00,Tim Walsh,"Los Gatos, CA",(408) 356-6845,#45357374
Renters,95126,Adelaide,Lee,11/18/1989,m,754 The Alameda,San Jose,CA,N,RENTED HOUSE - SINGLE FAMILY,5+,0,,0,(415) 642-8440,anabel.patton@gmail.com,Y,Y,Y,Y,Y,Y,NONE,N,N,Keep default.,10000,Keep default,1000,100000,N,1000,$10.83,$130.00,Dipika Vora,"San Ramon, CA",(408) 941-0094,#83646334
Renters,95126,Zoe,Jimenez,04/05/1990,m,2050 Southwest Expy 126,San Jose,CA,N,RENTED HOUSE - SINGLE FAMILY,5+,0,,0,(877) 713-4583,aidan.briggs@gmail.com,Y,Y,Y,Y,Y,Y,NONE,N,N,Keep default.,10000,Keep default,1000,100000,N,1500,$10.83,$130.00,Dominik Caloiaro,"San Jose, CA",(408) 292-1112,#53857941
Renters,95014,Graeme,Gallegos,03/08/1990,m,20800 Homestead Rd,Cupertino,CA,N,RENTED HOUSE - SINGLE FAMILY,5+,0,,0,(408) 647-5909,jude.neal@gmail.com,Y,Y,Y,Y,Y,Y,NONE,N,N,Keep default.,10000,Keep default,1000,100000,N,5000,$10.83,$130.00,Chiu Ling Lin,"San Jose, CA",(408) 657-3919,#99007031
Renters,95014,Elliot,Obrien,03/27/1987,f,7375 Rollingdell Dr,Cupertino,CA,N,RENTED HOUSE - SINGLE FAMILY,5+,0,,0,(877) 516-8284,jakob.cox@gmail.com,Y,Y,Y,Y,Y,Y,NONE,N,N,Keep default.,10000,Keep default,1000,300000,N,250,$12.09,$145.07,John Williams,"San Jose, CA",(408) 227-2560,#10678671
Renters,95123,Isabelle,Kennedy,11/18/1989,m,6184 Cottle Rd,San Jose,CA,N,RENTED HOUSE - SINGLE FAMILY,5+,0,,0,(619) 583-8084,aidan.briggs@gmail.com,Y,Y,Y,Y,Y,Y,NONE,N,N,Keep default.,10000,Keep default,1000,300000,N,500,$13.86,$166.33,Charles Stan Petrich,"San Jose, CA",(408) 927-0800,#85006960
Renters,95051,Sienna,Cox,03/03/1988,m,1901 Halford Ave,Santa Clara,CA,N,RENTED HOUSE - SINGLE FAMILY,5+,0,,0,(408) 923-3200,jakob.cox@gmail.com,Y,Y,Y,Y,Y,Y,NONE,N,N,Keep default.,10000,Keep default,1000,300000,N,1000,$10.83,$130.00,Jianmei Quitt,"San Diego, CA",(858) 605-5780,#60971286
Renters,95112,Stella,Haynes,04/05/1990,m,524 S 9th St,San Jose,CA,N,RENTED HOUSE - SINGLE FAMILY,5+,0,,0,(619) 447-3000,oliver.floyd@gmail.com,Y,Y,Y,Y,Y,Y,NONE,N,N,Keep default.,18000,Keep default,1000,100000,N,250,$11.92,$143.03,Roger Nguyen,"San Jose, CA",(408) 293-7250,#28950061
Renters,95050,Annabelle,Stephens,11/18/1989,f,444 Saratoga Ave,Santa Clara,CA,N,RENTED HOUSE - SINGLE FAMILY,5+,0,,0,(650) 557-4116,vivien.shepherd@gmail.com,Y,Y,Y,Y,Y,Y,NONE,N,N,Keep default.,18000,Keep default,1000,100000,N,500,$10.83,$130.00,CALVIN COLEMAN INS AGCY INC,"Salt Lake Cty, UT",(801) 466-1554,#04704275
Renters,95112,Ariana,Collier,06/06/1986,m,1700 N 1st St,San Jose,CA,N,RENTED HOUSE - SINGLE FAMILY,5+,0,,0,(888) 270-6855,oliver.floyd@gmail.com,Y,Y,Y,Y,Y,Y,NONE,N,N,Keep default.,18000,Keep default,1000,100000,N,1500,$10.83,$130.00,Timothy Shannon,"Pasadena, CA",(800) 999-5729,#66116904
Renters,95126,Khloe,Gregory,02/04/1989,m,754 The Alameda,San Jose,CA,N,RENTED HOUSE - SINGLE FAMILY,5+,0,,0,(408) 216-8945,aidan.briggs@gmail.com,Y,Y,Y,Y,Y,Y,NONE,N,N,Keep default.,18000,Keep default,1000,100000,N,5000,$10.83,$130.00,Dipika Vora,"San Ramon, CA",(408) 941-0094,#46377362
Renters,95111,Everett,Osborne,11/12/1990,f,2600 Corde Terra Cir,San Jose,CA,N,RENTED HOUSE - SINGLE FAMILY,5+,0,,0,(415) 749-0101,vivien.shepherd@gmail.com,Y,Y,Y,Y,Y,Y,NONE,N,N,Keep default.,18000,Keep default,1000,300000,N,500,$13.05,$156.58,Diem Pham,"San Jose, CA",(408) 900-7200,#49779454
Renters,95035,Ronan,Lara,11/18/1989,m,555 S Park Victoria Dr,Milpitas,CA,N,RENTED HOUSE - SINGLE FAMILY,5+,0,,0,(866) 835-1449,elizabeth.swanson@gmail.com,Y,Y,Y,Y,Y,Y,NONE,N,N,Keep default.,18000,Keep default,1000,300000,N,1000,$10.83,$130.00,David Souza,"Milpitas, CA",(408) 262-7080,#39068218
Renters,95051,Josephine,Fox,03/03/1988,f,1901 Halford Ave,Santa Clara,CA,N,RENTED HOUSE - SINGLE FAMILY,5+,0,,0,(925) 228-0760,clara.kirby@gmail.com,Y,Y,Y,Y,Y,Y,NONE,N,N,Keep default.,18000,Keep default,1000,300000,N,1500,$10.83,$130.00,Jianmei Quitt,"San Diego, CA",(858) 605-5780,#62637602
Renters,95054,Eden,Montoya,03/08/1990,m,730 Agnew Rd,Santa Clara,CA,N,RENTED HOUSE - SINGLE FAMILY,5+,0,,0,(925) 452-7910,jude.neal@gmail.com,Y,Y,Y,Y,Y,Y,NONE,N,N,Keep default.,18000,Keep default,1000,300000,N,5000,$10.83,$130.00,Trang Phan,"San Jose, CA",(408) 509-5309,#95749099
Renters,95037,Oliver,Hart,04/05/1990,m,16945 Del Monte Ave,Morgan Hill,CA,N,RENTED HOUSE - SINGLE FAMILY,5+,0,,0,(408) 873-9090,anabel.patton@gmail.com,Y,Y,Y,Y,Y,Y,NONE,N,N,Keep default.,30000,Keep default,1000,100000,N,250,$24.62,$295.46,Genaro Garza,"San Jose, CA",(408) 599-7424,#32104379
Renters,95126,August,Dunn,04/05/1990,f,754 The Alameda,San Jose,CA,N,RENTED HOUSE - SINGLE FAMILY,5+,0,,0,(866) 251-7152,anabel.patton@gmail.com,Y,Y,Y,Y,Y,Y,NONE,N,N,Keep default.,30000,Keep default,1000,100000,N,500,$14.53,$174.37,Dipika Vora,"San Ramon, CA",(408) 941-0094,#70402563
Renters,95112,August,Barton,03/27/1987,f,1700 N 1st St,San Jose,CA,N,RENTED HOUSE - SINGLE FAMILY,5+,0,,0,(415) 885-3333,oliver.floyd@gmail.com,Y,Y,Y,Y,Y,Y,NONE,N,N,Keep default.,30000,Keep default,1000,100000,N,1000,$11.32,$135.88,Timothy Shannon,"Pasadena, CA",(800) 999-5729,#74401195
Renters,95112,Daphne,Colon,03/08/1990,m,101 E San Fernando St 100,San Jose,CA,N,RENTED HOUSE - SINGLE FAMILY,5+,0,,0,(408) 227-3700,anabel.patton@gmail.com,Y,Y,Y,Y,Y,Y,NONE,N,N,Keep default.,30000,Keep default,1000,100000,N,5000,$10.83,$130.00,Dominik Caloiaro,"San Jose, CA",(408) 292-1112,#63754470
Renters,95030,Lucas,Collier,11/18/1989,f,10 Jackson St 107,Los Gatos,CA,N,RENTED HOUSE - SINGLE FAMILY,5+,0,,0,(510) 841-2760,anabel.patton@gmail.com,Y,Y,Y,Y,Y,Y,NONE,N,N,Keep default.,30000,Keep default,1000,300000,N,250,$14.44,$173.32,Jinghuai Li,"Mountain View, CA",(650) 988-9618,#08173873
Renters,95054,Mathew,Lawrence,03/08/1990,f,1600 Nantucket Cir,Santa Clara,CA,N,RENTED HOUSE - SINGLE FAMILY,5+,0,,0,(415) 453-6204,oliver.floyd@gmail.com,Y,Y,Y,Y,Y,Y,NONE,N,N,Keep default.,30000,Keep default,1000,300000,N,500,$13.46,$161.46,Tony Stoll,"San Jose, CA",(650) 200-5721,#47125037
Renters,95129,Luna,Gomez,03/08/1990,m,355 Kiely Blvd,San Jose,CA,N,RENTED HOUSE - SINGLE FAMILY,5+,0,,0,(415) 861-3333,anabel.patton@gmail.com,Y,Y,Y,Y,Y,Y,NONE,N,N,Keep default.,30000,Keep default,1000,300000,N,1000,$12.10,$145.14,David McCoy,"San Jose, CA",(408) 249-7148,#80395669
Renters,94301,Carter,Daniel,02/04/1989,m,459 Hamilton Ave,Palo Alto,CA,N,RENTED HOUSE - SINGLE FAMILY,5+,0,,0,(858) 279-7410,aidan.briggs@gmail.com,Y,Y,Y,Y,Y,Y,NONE,N,N,Keep default.,30000,Keep default,1000,300000,N,1500,$11.35,$136.24,Jason Schram,"Palo Alto, CA",(650) 522-0027,#23887314
Renters,94087,Jase,Frazier,03/08/1990,m,1032 W Remington Dr,Sunnyvale,CA,N,RENTED HOUSE - SINGLE FAMILY,5+,0,,0,(650) 952-3727,anabel.patton@gmail.com,Y,Y,Y,Y,Y,Y,NONE,N,N,Keep default.,30000,Keep default,1000,300000,N,5000,$10.83,$130.00,John Williams,"San Jose, CA",(408) 227-2560,#08911614
Renters,94087,Eleanor,Oconnor,03/27/1987,m,1575 Tenaka Pl,Sunnyvale,CA,N,RENTED HOUSE - SINGLE FAMILY,5+,0,,0,(760) 798-2632,vivien.shepherd@gmail.com,Y,Y,Y,Y,Y,Y,NONE,N,N,Keep default.,40000,Keep default,1000,100000,N,250,$13.83,$165.98,Lili Li,"Sunnyvale, CA",(650) 409-8999,#28654552
Renters,95030,Nathan,Page,11/18/1989,m,10 Jackson St 107,Los Gatos,CA,N,RENTED HOUSE - SINGLE FAMILY,5+,0,,0,(650) 992-3500,jude.neal@gmail.com,Y,Y,Y,Y,Y,Y,NONE,N,N,Keep default.,40000,Keep default,1000,100000,N,500,$12.72,$152.70,Jinghuai Li,"Mountain View, CA",(650) 988-9618,#31532852
Renters,95050,Sofie,Benson,06/06/1986,f,2200 Monroe St,Santa Clara,CA,N,RENTED HOUSE - SINGLE FAMILY,5+,0,,0,(415) 861-9981,jude.neal@gmail.com,Y,Y,Y,Y,Y,Y,NONE,N,N,Keep default.,40000,Keep default,1000,100000,N,1000,$11.20,$134.45,Leny Bueno,"San Jose, CA",(408) 449-4871,#18481153
Renters,94086,Holden,Tucker,11/12/1990,m,201 W California Ave,Sunnyvale,CA,N,RENTED HOUSE - SINGLE FAMILY,5+,0,,0,(510) 236-2860,elizabeth.swanson@gmail.com,Y,Y,Y,Y,Y,Y,NONE,N,N,Keep default.,40000,Keep default,1000,100000,N,1500,$10.83,$130.00,Reet Singh,"Concord, CA",(925) 671-0342,#25591376
Renters,95126,Elliot,Miller,12/1/1988,m,1201 Parkmoor Ave,San Jose,CA,N,RENTED HOUSE - SINGLE FAMILY,5+,0,,0,(415) 981-2605,jakob.cox@gmail.com,Y,Y,Y,Y,Y,Y,NONE,N,N,Keep default.,40000,Keep default,1000,100000,N,5000,$10.83,$130.00,James Melin,"San Jose, CA",(408) 985-0500,#84769907
Renters,94087,Owen,Welch,03/03/1988,f,575 E Remington Dr,Sunnyvale,CA,N,RENTED HOUSE - SINGLE FAMILY,5+,0,,0,(408) 496-6300,anabel.patton@gmail.com,Y,Y,Y,Y,Y,Y,NONE,N,N,Keep default.,40000,Keep default,1000,300000,N,250,$15.91,$190.98,Rie Kawaguchi,"Sunnyvale, CA",(408) 738-8111,#31960042
Renters,94086,Holden,Pope,11/18/1989,m,718 Old San Francisco Rd,Sunnyvale,CA,N,RENTED HOUSE - SINGLE FAMILY,5+,0,,0,(619) 270-5895,elizabeth.swanson@gmail.com,Y,Y,Y,Y,Y,Y,NONE,N,N,Keep default.,40000,Keep default,1000,300000,N,500,$14.81,$177.70,Qing Sun,"Artesia, CA",(562) 810-0500,#56736132
Renters,95125,Henry,Stokes,07/31/1988,f,3200 Rubino Dr,San Jose,CA,N,RENTED HOUSE - SINGLE FAMILY,5+,0,,0,(855) 365-1913,clara.kirby@gmail.com,Y,Y,Y,Y,Y,Y,NONE,N,N,Keep default.,40000,Keep default,1000,300000,N,1500,$15.29,$183.48,Vilai Yang,"Elk Grove, CA",(916) 684-9958,#14997294
Renters,95126,Emilia,Moss,03/08/1990,m,2050 Southwest Expy 126,San Jose,CA,N,RENTED HOUSE - SINGLE FAMILY,5+,0,,0,(415) 885-3333,jakob.cox@gmail.com,Y,Y,Y,Y,Y,Y,NONE,N,N,Keep default.,40000,Keep default,1000,300000,N,5000,$11.77,$141.22,Kyle Wilson,"San Jose, CA",(408) 283-9866,#28414717
Renters,94041,Keira,Payne,03/27/1987,m,151 Calderon Ave,Mountain View,CA,N,RENTED HOUSE - SINGLE FAMILY,5+,0,,0,(650) 952-3727,anabel.patton@gmail.com,Y,Y,Y,Y,Y,Y,NONE,N,N,Keep default.,60000,Keep default,1000,100000,N,250,$16.53,$198.36,Lili Li,"Sunnyvale, CA",(650) 409-8999,#46884532
Renters,95014,Gideon,Garner,04/05/1990,m,5608 Stevens Creek Blvd,Cupertino,CA,N,RENTED HOUSE - SINGLE FAMILY,5+,0,,0,(408) 216-8947,clara.kirby@gmail.com,Y,Y,Y,Y,Y,Y,NONE,N,N,Keep default.,60000,Keep default,1000,100000,N,500,$15.21,$182.49,David Kelly,"Sacramento, CA",(916) 447-9797,#39540630
Renters,95054,Julia,Hart,12/1/1988,m,4500 Carlyle Ct,Santa Clara,CA,N,RENTED HOUSE - SINGLE FAMILY,5+,0,,0,(858) 486-4834,jude.neal@gmail.com,Y,Y,Y,Y,Y,Y,NONE,N,N,Keep default.,60000,Keep default,1000,100000,N,1000,$13.39,$160.66,Fareh Khalid,"Sunnyvale, CA",(408) 377-8070,#14058995
Renters,95112,Jane,Nelson,12/1/1988,m,1700 N 1st St,San Jose,CA,N,RENTED HOUSE - SINGLE FAMILY,5+,0,,0,(408) 354-8910,jude.neal@gmail.com,Y,Y,Y,Y,Y,Y,NONE,N,N,Keep default.,60000,Keep default,1000,100000,N,1500,$14.05,$168.63,Timothy Shannon,"Pasadena, CA",(800) 999-5729,#48008288
Renters,95134,Holden,Terry,05/06/1989,f,4343 Renaissance Dr,San Jose,CA,N,RENTED HOUSE - SINGLE FAMILY,5+,0,,0,(408) 732-9450,clara.kirby@gmail.com,Y,Y,Y,Y,Y,Y,NONE,N,N,Keep default.,60000,Keep default,1000,100000,N,5000,$10.83,$130.00,Michael Tran,"San Jose, CA",(408) 564-4901,#28277249
Renters,95125,Ariana,Huff,04/05/1990,m,2118 Canoas Garden Ave,San Jose,CA,N,RENTED HOUSE - SINGLE FAMILY,5+,0,,0,(650) 854-2651,clara.kirby@gmail.com,Y,Y,Y,Y,Y,Y,NONE,N,N,Keep default.,60000,Keep default,1000,300000,N,250,$23.17,$278.08,Kevin Hunt,"Templeton, CA",(805) 434-3276,#42074075
Renters,95113,Miles,Hawkins,02/04/1989,m,360 S Market St,San Jose,CA,N,RENTED HOUSE - SINGLE FAMILY,5+,0,,0,(650) 264-9696,elizabeth.swanson@gmail.com,Y,Y,Y,Y,Y,Y,NONE,N,N,Keep default.,60000,Keep default,1000,300000,N,500,$19.32,$231.86,Mark Mead,"Clearlake Oaks, CA",(707) 998-0100,#08774601
Renters,95125,Cole,Garner,02/04/1989,m,2118 Canoas Garden Ave,San Jose,CA,N,RENTED HOUSE - SINGLE FAMILY,5+,0,,0,(619) 561-2320,elizabeth.swanson@gmail.com,Y,Y,Y,Y,Y,Y,NONE,N,N,Keep default.,60000,Keep default,1000,300000,N,1000,$19.17,$230.00,Kevin Hunt,"Templeton, CA",(805) 434-3276,#73691118
Renters,95020,Lilah,Holt,05/06/1989,m,8200 Kern Ave,Gilroy,CA,N,RENTED HOUSE - SINGLE FAMILY,5+,0,,0,(408) 570-5040,clara.kirby@gmail.com,Y,Y,Y,Y,Y,Y,NONE,N,N,Keep default.,60000,Keep default,1000,300000,N,1500,$26.84,$322.08,Eric Contreras,"Salinas, CA",(831) 757-7979,#14473994
Renters,94087,Ivy,Klein,12/1/1988,f,1575 Tenaka Pl,Sunnyvale,CA,N,RENTED HOUSE - SINGLE FAMILY,5+,0,,0,(415) 445-6530,elijah.nichols@gmail.com,Y,Y,Y,Y,Y,Y,NONE,N,N,Keep default.,60000,Keep default,1000,300000,N,5000,$11.17,$134.09,Peter Kuo,"Sunnyvale, CA",(408) 738-8803,#53217597
Renters,95054,Lily,Stokes,06/06/1994,m,730 Agnew Rd,Santa Clara,CA,N,RENTED HOUSE - SINGLE FAMILY,5+,0,,0,(408) 971-9397,norah.alvarado@gmail.com,Y,Y,Y,Y,Y,Y,NONE,N,N,Keep default.,4000,Keep default,1000,100000,N,250,$10.83,$130.00,Richard So,"Santa Clara, CA",(408) 249-7726,#53997151
Renters,95054,Jack,Owens,03/03/1993,m,502 Mansion Park Dr,Santa Clara,CA,N,RENTED HOUSE - SINGLE FAMILY,5+,0,,0,(877) 713-3956,elijah.nichols@gmail.com,Y,Y,Y,Y,Y,Y,NONE,N,N,Keep default.,4000,Keep default,1000,100000,N,500,$10.83,$130.00,Vanessa Ooi,"Santa Clara, CA",(408) 247-9288,#46285016
Renters,95054,Rhys,Marquez,05/06/1994,f,1500 Vista Club Cir,Santa Clara,CA,N,RENTED HOUSE - SINGLE FAMILY,5+,0,,0,(408) 570-5040,clara.kirby@gmail.com,Y,Y,Y,Y,Y,Y,NONE,N,N,Keep default.,4000,Keep default,1000,100000,N,1000,$10.83,$130.00,Lily Zhao,"San Jose, CA",(408) 398-4616,#07591580
Renters,95112,Eloise,Carson,02/04/1994,f,1700 N 1st St,San Jose,CA,N,RENTED HOUSE - SINGLE FAMILY,5+,0,,0,(925) 283-9912,vivien.shepherd@gmail.com,Y,Y,Y,Y,Y,Y,NONE,N,N,Keep default.,4000,Keep default,1000,100000,N,1500,$10.83,$130.00,Timothy Shannon,"Pasadena, CA",(800) 999-5729,#08071237
Renters,95128,Clare,Patterson,04/05/1994,f,500 S Winchester Blvd,San Jose,CA,N,RENTED HOUSE - SINGLE FAMILY,5+,0,,0,(415) 345-4400,elijah.nichols@gmail.com,Y,Y,Y,Y,Y,Y,NONE,N,N,Keep default.,4000,Keep default,1000,100000,N,5000,$10.83,$130.00,Michael Short,"San Jose, CA",(408) 466-6586,#36877093
Renters,95128,Arianna,Roman,02/04/1994,m,500 S Winchester Blvd,San Jose,CA,N,RENTED HOUSE - SINGLE FAMILY,5+,0,,0,(858) 271-4151,oliver.floyd@gmail.com,Y,Y,Y,Y,Y,Y,NONE,N,N,Keep default.,4000,Keep default,1000,300000,N,250,$14.88,$178.62,Michael Short,"San Jose, CA",(408) 466-6586,#87689574
Renters,95123,Asher,Moss,03/03/1993,f,150 Palm Valley Blvd,San Jose,CA,N,RENTED HOUSE - SINGLE FAMILY,5+,0,,0,(408) 496-6300,vivien.shepherd@gmail.com,Y,Y,Y,Y,Y,Y,NONE,N,N,Keep default.,4000,Keep default,1000,300000,N,500,$13.86,$166.33,Bin Lu,"San Jose, CA",(408) 728-9789,#95870790
Renters,94043,Penelope,Hardy,12/1/1993,f,100 N Whisman Rd,Mountain View,CA,N,RENTED HOUSE - SINGLE FAMILY,5+,0,,0,(866) 894-6343,jude.neal@gmail.com,Y,Y,Y,Y,Y,Y,NONE,N,N,Keep default.,4000,Keep default,1000,300000,N,1000,$10.83,$130.00,Dennis Fulfer,"Citrus Heights, CA",(877) 315-3555,#34022699
Renters,95125,Cora,Contreras,05/06/1994,m,3200 Rubino Dr,San Jose,CA,N,RENTED HOUSE - SINGLE FAMILY,5+,0,,0,(619) 463-1116,elijah.nichols@gmail.com,Y,Y,Y,Y,Y,Y,NONE,N,N,Keep default.,4000,Keep default,1000,300000,N,1500,$11.68,$140.21,Vilai Yang,"Elk Grove, CA",(916) 684-9958,#24512982
Renters,94086,Leila,Curry,12/1/1993,f,555 E Washington Ave,Sunnyvale,CA,N,RENTED HOUSE - SINGLE FAMILY,5+,0,,0,(619) 233-4787,vivien.shepherd@gmail.com,Y,Y,Y,Y,Y,Y,NONE,N,N,Keep default.,4000,Keep default,1000,300000,N,5000,$10.83,$130.00,Jianhong Zhou,"Fremont, CA",(510) 656-1009,#52877670
Renters,95050,Abigail,Wang,02/04/1994,m,444 Saratoga Ave,Santa Clara,CA,N,RENTED HOUSE - SINGLE FAMILY,5+,0,,0,(760) 208-2785,aidan.briggs@gmail.com,Y,Y,Y,Y,Y,Y,NONE,N,N,Keep default.,10000,Keep default,1000,100000,N,250,$10.83,$130.00,CALVIN COLEMAN INS AGCY INC,"Salt Lake Cty, UT",(801) 466-1554,#63794707
Renters,94087,Vivienne,Harmon,04/05/1994,m,1575 Tenaka Pl,Sunnyvale,CA,N,RENTED HOUSE - SINGLE FAMILY,5+,0,,0,(510) 215-2850,jude.neal@gmail.com,Y,Y,Y,Y,Y,Y,NONE,N,N,Keep default.,10000,Keep default,1000,100000,N,1000,$10.83,$130.00,Thomas Keasler,"Sunnyvale, CA",(408) 738-2488,#43509289
Renters,95126,Mia,Strickland,07/31/1993,f,850 Meridian Way,San Jose,CA,N,RENTED HOUSE - SINGLE FAMILY,5+,0,,0,(415) 861-3333,aidan.briggs@gmail.com,Y,Y,Y,Y,Y,Y,NONE,N,N,Keep default.,10000,Keep default,1000,100000,N,1500,$10.83,$130.00,Louise Shih,"San Jose, CA",(408) 253-0688,#65744076
Renters,95113,Chase,Schroeder,12/1/1993,f,360 S Market St,San Jose,CA,N,RENTED HOUSE - SINGLE FAMILY,5+,0,,0,(415) 658-6604,aidan.briggs@gmail.com,Y,Y,Y,Y,Y,Y,NONE,N,N,Keep default.,10000,Keep default,1000,100000,N,5000,$10.83,$130.00,Mark Mead,"Clearlake Oaks, CA",(707) 998-0100,#42803401
Renters,95035,Anabel,Stewart,11/18/1993,f,440 Dixon Landing Rd,Milpitas,CA,N,RENTED HOUSE - SINGLE FAMILY,5+,0,,0,(858) 571-0104,oliver.floyd@gmail.com,Y,Y,Y,Y,Y,Y,NONE,N,N,Keep default.,10000,Keep default,1000,300000,N,250,$12.09,$145.07,Thomas Truong,"Milpitas, CA",(408) 935-8888,#51912411
Renters,94043,Paige,Matthews,02/04/1994,f,505 Central Ave,Mountain View,CA,N,RENTED HOUSE - SINGLE FAMILY,5+,0,,0,(707) 745-3000,elizabeth.swanson@gmail.com,Y,Y,Y,Y,Y,Y,NONE,N,N,Keep default.,10000,Keep default,1000,300000,N,500,$11.29,$135.46,Abraham Khalil,"Palo Alto, CA",(650) 321-1575,#03266510
Renters,95123,Aria,Le,03/08/1994,f,6184 Cottle Rd,San Jose,CA,N,RENTED HOUSE - SINGLE FAMILY,5+,0,,0,(650) 264-9696,aidan.briggs@gmail.com,Y,Y,Y,Y,Y,Y,NONE,N,N,Keep default.,10000,Keep default,1000,300000,N,1000,$12.45,$149.43,Yarlin Palomares,"San Jose, CA",(408) 229-2500,#51188096
Renters,95008,Dominick,Wilkinson,05/06/1994,m,2275 S Bascom Ave,Campbell,CA,N,RENTED HOUSE - SINGLE FAMILY,5+,0,,0,(650) 589-2909,elijah.nichols@gmail.com,Y,Y,Y,Y,Y,Y,NONE,N,N,Keep default.,10000,Keep default,1000,300000,N,1500,$11.68,$140.21,Thu Nguyen,"San Jose, CA",(408) 258-8388,#73195452
Renters,95054,Cora,Anthony,02/04/1994,m,1600 Nantucket Cir,Santa Clara,CA,N,RENTED HOUSE - SINGLE FAMILY,5+,0,,0,(408) 778-3237,jude.neal@gmail.com,Y,Y,Y,Y,Y,Y,NONE,N,N,Keep default.,10000,Keep default,1000,300000,N,5000,$10.83,$130.00,Tony Stoll,"San Jose, CA",(650) 200-5721,#37277411
Renters,94043,Mason,Cochran,06/06/1994,m,505 Central Ave,Mountain View,CA,N,RENTED HOUSE - SINGLE FAMILY,5+,0,,0,(858) 748-4774,vivien.shepherd@gmail.com,Y,Y,Y,Y,Y,Y,NONE,N,N,Keep default.,18000,Keep default,1000,100000,N,250,$10.83,$130.00,Frank Hughes,"Los Altos, CA",(650) 815-7068,#73210463
Renters,95020,Violet,Perry,03/27/1994,m,8200 Kern Ave,Gilroy,CA,N,RENTED HOUSE - SINGLE FAMILY,5+,0,,0,(408) 720-8566,anabel.patton@gmail.com,Y,Y,Y,Y,Y,Y,NONE,N,N,Keep default.,18000,Keep default,1000,100000,N,500,$19.27,$231.23,William Matkovich,"Capitola, CA",(877) 708-8300,#48307093
Renters,95050,Eliana,Mills,12/1/1993,m,2200 Monroe St,Santa Clara,CA,N,RENTED HOUSE - SINGLE FAMILY,5+,0,,0,(408) 736-4963,aidan.briggs@gmail.com,Y,Y,Y,Y,Y,Y,NONE,N,N,Keep default.,18000,Keep default,1000,100000,N,1000,$10.83,$130.00,Leny Bueno,"San Jose, CA",(408) 449-4871,#63610363
Renters,95050,Theodore,Moran,04/05/1994,f,1599 Warburton Ave,Santa Clara,CA,N,RENTED HOUSE - SINGLE FAMILY,5+,0,,0,(408) 214-1685,jude.neal@gmail.com,Y,Y,Y,Y,Y,Y,NONE,N,N,Keep default.,18000,Keep default,1000,100000,N,1500,$10.83,$130.00,Orlando Nunes,"Santa Clara, CA",(408) 261-1553,#54645272
Renters,95113,Luna,Vasquez,02/04/1994,f,360 S Market St,San Jose,CA,N,RENTED HOUSE - SINGLE FAMILY,5+,0,,0,(415) 513-0086,aidan.briggs@gmail.com,Y,Y,Y,Y,Y,Y,NONE,N,N,Keep default.,18000,Keep default,1000,100000,N,5000,$10.83,$130.00,Mark Mead,"Clearlake Oaks, CA",(707) 998-0100,#89240883
Renters,95037,Seth,Mendez,11/12/1994,m,15400 Vineyard Blvd,Morgan Hill,CA,N,RENTED HOUSE - SINGLE FAMILY,5+,0,,0,(619) 460-5241,elizabeth.swanson@gmail.com,Y,Y,Y,Y,Y,Y,NONE,N,N,Keep default.,18000,Keep default,1000,300000,N,250,$23.03,$276.33,Timothy Powell,"Aptos, CA",(831) 688-8778,#75830229
Renters,95127,Anastasia,Cain,03/03/1993,f,2601 Nuestra Castillo Ct,San Jose,CA,N,RENTED HOUSE - SINGLE FAMILY,5+,0,,0,(858) 453-7368,vivien.shepherd@gmail.com,Y,Y,Y,Y,Y,Y,NONE,N,N,Keep default.,18000,Keep default,1000,300000,N,500,$13.05,$156.58,Jose Manabat,"San Jose, CA",(408) 437-5456,#99687853
Renters,95123,Ana,Norton,06/06/1994,m,6184 Cottle Rd,San Jose,CA,N,RENTED HOUSE - SINGLE FAMILY,5+,0,,0,(650) 348-6130,elizabeth.swanson@gmail.com,Y,Y,Y,Y,Y,Y,NONE,N,N,Keep default.,18000,Keep default,1000,300000,N,1000,$12.93,$155.15,Ashish Marwaha,"San Jose, CA",(408) 754-0603,#75978885
Renters,94086,Henry,Francis,03/03/1993,f,201 W California Ave,Sunnyvale,CA,N,RENTED HOUSE - SINGLE FAMILY,5+,0,,0,(858) 453-7368,aidan.briggs@gmail.com,Y,Y,Y,Y,Y,Y,NONE,N,N,Keep default.,18000,Keep default,1000,300000,N,1500,$10.83,$130.00,Reet Singh,"Concord, CA",(925) 671-0342,#69211832
Renters,94040,Alexander,Daniels,03/03/1993,f,575 S Rengstorff Ave,Mountain View,CA,N,RENTED HOUSE - SINGLE FAMILY,5+,0,,0,(415) 284-3000,jakob.cox@gmail.com,Y,Y,Y,Y,Y,Y,NONE,N,N,Keep default.,18000,Keep default,1000,300000,N,5000,$10.83,$130.00,Alex Wong,"Montebello, CA",(323) 212-3012,#67323876
Renters,95054,Thomas,Walters,12/1/1993,m,502 Mansion Park Dr,Santa Clara,CA,N,RENTED HOUSE - SINGLE FAMILY,5+,0,,0,(408) 737-2900,norah.alvarado@gmail.com,Y,Y,Y,Y,Y,Y,NONE,N,N,Keep default.,30000,Keep default,1000,100000,N,250,$12.36,$148.32,Bipin Kapadia,"San Jose, CA",(408) 280-7878,#02597261
Renters,95051,Graham,Carrillo,03/08/1994,m,3500 Granada Ave,Santa Clara,CA,N,RENTED HOUSE - SINGLE FAMILY,5+,0,,0,(408) 241-1445,elijah.nichols@gmail.com,Y,Y,Y,Y,Y,Y,NONE,N,N,Keep default.,30000,Keep default,1000,100000,N,1000,$10.83,$130.00,James Miao,"San Leandro, CA",(510) 357-8080,#51104013
Renters,95020,Chloe,Berry,04/05/1994,f,7397 Monterey St,Gilroy,CA,N,RENTED HOUSE - SINGLE FAMILY,5+,0,,0,(619) 293-3888,elizabeth.swanson@gmail.com,Y,Y,Y,Y,Y,Y,NONE,N,N,Keep default.,30000,Keep default,1000,100000,N,1500,$18.47,$221.59,Albert Pinheiro,"Gilroy, CA",(408) 842-4619,#92914716
Renters,95138,Elliot,Guerrero,11/12/1994,m,6100 Monterey Hwy,San Jose,CA,N,RENTED HOUSE - SINGLE FAMILY,5+,0,,0,(707) 778-1221,elizabeth.swanson@gmail.com,Y,Y,Y,Y,Y,Y,NONE,N,N,Keep default.,30000,Keep default,1000,100000,N,5000,$10.83,$130.00,Candice Salcedo,"San Jose, CA",(408) 224-7800,#05658985
Renters,95123,Tessa,Wade,02/04/1994,f,150 Palm Valley Blvd,San Jose,CA,N,RENTED HOUSE - SINGLE FAMILY,5+,0,,0,(415) 978-9619,jude.neal@gmail.com,Y,Y,Y,Y,Y,Y,NONE,N,N,Keep default.,30000,Keep default,1000,300000,N,250,$17.88,$214.53,Bin Lu,"San Jose, CA",(408) 728-9789,#18073294
Renters,94043,Scarlet,Kelley,11/12/1994,m,505 Central Ave,Mountain View,CA,N,RENTED HOUSE - SINGLE FAMILY,5+,0,,0,(415) 308-7225,oliver.floyd@gmail.com,Y,Y,Y,Y,Y,Y,NONE,N,N,Keep default.,30000,Keep default,1000,300000,N,500,$13.46,$161.46,Dave Cung,"Santa Clara, CA",(408) 556-8888,#03068632
Renters,95051,Sebastien,Newton,03/03/1993,m,100 Buckingham Dr,Santa Clara,CA,N,RENTED HOUSE - SINGLE FAMILY,5+,0,,0,(858) 565-0311,vivien.shepherd@gmail.com,Y,Y,Y,Y,Y,Y,NONE,N,N,Keep default.,30000,Keep default,1000,300000,N,1000,$12.10,$145.14,Teketel Mulugeta,"San Jose, CA",(408) 249-8123,#01312874
Renters,94301,Sadie,Ochoa,05/06/1994,m,459 Hamilton Ave,Palo Alto,CA,N,RENTED HOUSE - SINGLE FAMILY,5+,0,,0,(619) 479-6565,elijah.nichols@gmail.com,Y,Y,Y,Y,Y,Y,NONE,N,N,Keep default.,30000,Keep default,1000,300000,N,5000,$10.83,$130.00,Gary Neely,"Foster City, CA",(650) 574-4321,#46104897
Renters,94040,Elisabeth,Fischer,05/06/1994,m,234 Escuela Ave,Mountain View,CA,N,RENTED HOUSE - SINGLE FAMILY,5+,0,,0,(619) 334-6948,anabel.patton@gmail.com,Y,Y,Y,Y,Y,Y,NONE,N,N,Keep default.,40000,Keep default,1000,100000,N,250,$13.83,$165.98,Jianhong Zhou,"Fremont, CA",(510) 656-1009,#61288850
Renters,94086,Jane,Hill,03/03/1993,m,732 E Evelyn Ave,Sunnyvale,CA,N,RENTED HOUSE - SINGLE FAMILY,5+,0,,0,(408) 294-5333,vivien.shepherd@gmail.com,Y,Y,Y,Y,Y,Y,NONE,N,N,Keep default.,40000,Keep default,1000,100000,N,500,$12.72,$152.70,Yi Ju,"Cupertino, CA",(408) 996-7200,#92031327
Renters,95050,Violet,Ellis,11/18/1993,m,431 El Camino Real,Santa Clara,CA,N,RENTED HOUSE - SINGLE FAMILY,5+,0,,0,(408) 848-3474,jude.neal@gmail.com,Y,Y,Y,Y,Y,Y,NONE,N,N,Keep default.,40000,Keep default,1000,100000,N,1000,$11.20,$134.45,Jason Medeiros,"Newark, CA",(925) 321-3082,#45702581
Renters,94041,Sebastian,Welch,05/06/1994,f,1600 Villa St,Mountain View,CA,N,RENTED HOUSE - SINGLE FAMILY,5+,0,,0,(415) 285-1231,norah.alvarado@gmail.com,Y,Y,Y,Y,Y,Y,NONE,N,N,Keep default.,40000,Keep default,1000,100000,N,1500,$10.83,$130.00,Jianhong Zhou,"Fremont, CA",(510) 656-1009,#71587431
Renters,95129,Hudson,Warren,12/1/1993,m,355 Kiely Blvd,San Jose,CA,N,RENTED HOUSE - SINGLE FAMILY,5+,0,,0,(415) 580-6272,aidan.briggs@gmail.com,Y,Y,Y,Y,Y,Y,NONE,N,N,Keep default.,40000,Keep default,1000,100000,N,5000,$10.83,$130.00,Randall Talley,"Campbell, CA",(408) 879-7455,#70263291
Renters,95134,Elliott,Shepherd,05/06/1994,f,4343 Renaissance Dr,San Jose,CA,N,RENTED HOUSE - SINGLE FAMILY,5+,0,,0,(408) 297-4675,anabel.patton@gmail.com,Y,Y,Y,Y,Y,Y,NONE,N,N,Keep default.,40000,Keep default,1000,300000,N,250,$15.91,$190.98,Khushvinder Singh,"Milpitas, CA",(408) 262-9190,#49514055
Renters,95008,Scarlet,Cortez,07/31/1993,m,200 Hollis Ave,Campbell,CA,N,RENTED HOUSE - SINGLE FAMILY,5+,0,,0,(866) 270-9902,jude.neal@gmail.com,Y,Y,Y,Y,Y,Y,NONE,N,N,Keep default.,40000,Keep default,1000,300000,N,500,$18.28,$219.40,Natalie Arola,"Campbell, CA",(408) 371-9500,#82187374
Renters,95035,Isabelle,Joseph,12/1/1993,m,440 Dixon Landing Rd,Milpitas,CA,N,RENTED HOUSE - SINGLE FAMILY,5+,0,,0,(510) 236-2860,elijah.nichols@gmail.com,Y,Y,Y,Y,Y,Y,NONE,N,N,Keep default.,40000,Keep default,1000,300000,N,1000,$13.29,$159.45,Thomas Truong,"Milpitas, CA",(408) 935-8888,#42344076
Renters,95138,Eloise,Simpson,02/04/1994,m,6100 Monterey Hwy,San Jose,CA,N,RENTED HOUSE - SINGLE FAMILY,5+,0,,0,(408) 437-1900,jude.neal@gmail.com,Y,Y,Y,Y,Y,Y,NONE,N,N,Keep default.,40000,Keep default,1000,300000,N,1500,$15.29,$183.48,Dave Molinari,"San Jose, CA",(408) 978-6331,#72924213
Renters,95020,Charlotte,Wong,03/03/1993,m,7397 Monterey St,Gilroy,CA,N,RENTED HOUSE - SINGLE FAMILY,5+,0,,0,(619) 460-5241,clara.kirby@gmail.com,Y,Y,Y,Y,Y,Y,NONE,N,N,Keep default.,60000,Keep default,1000,100000,N,250,$33.01,$396.12,Albert Pinheiro,"Gilroy, CA",(408) 842-4619,#06477883
Renters,95113,Ariana,Kramer,02/04/1994,f,360 S Market St,San Jose,CA,N,RENTED HOUSE - SINGLE FAMILY,5+,0,,0,(415) 487-1218,aidan.briggs@gmail.com,Y,Y,Y,Y,Y,Y,NONE,N,N,Keep default.,60000,Keep default,1000,100000,N,500,$17.24,$206.86,Mark Mead,"Clearlake Oaks, CA",(707) 998-0100,#55419643
Renters,95054,Leo,Reeves,05/06/1994,m,730 Agnew Rd,Santa Clara,CA,N,RENTED HOUSE - SINGLE FAMILY,5+,0,,0,(408) 445-5211,aidan.briggs@gmail.com,Y,Y,Y,Y,Y,Y,NONE,N,N,Keep default.,60000,Keep default,1000,100000,N,1000,$13.39,$160.66,Rachel Arroyo,"Santa Clara, CA",(408) 768-2845,#04413891
Renters,95014,Avery,Oliver,05/06/1994,m,20800 Homestead Rd,Cupertino,CA,N,RENTED HOUSE - SINGLE FAMILY,5+,0,,0,(408) 354-7317,vivien.shepherd@gmail.com,Y,Y,Y,Y,Y,Y,NONE,N,N,Keep default.,60000,Keep default,1000,100000,N,5000,$10.83,$130.00,Chiu Ling Lin,"San Jose, CA",(408) 657-3919,#82434447
Renters,95054,Felix,Petersen,12/1/1993,f,4500 Carlyle Ct,Santa Clara,CA,N,RENTED HOUSE - SINGLE FAMILY,5+,0,,0,(408) 227-3700,elijah.nichols@gmail.com,Y,Y,Y,Y,Y,Y,NONE,N,N,Keep default.,60000,Keep default,1000,300000,N,500,$17.29,$207.49,Jazmin Guizar,"Santa Clara, CA",(408) 802-7257,#53970890
Renters,95020,Penelope,Collier,03/08/1994,m,500 Ioof Ave,Gilroy,CA,N,RENTED HOUSE - SINGLE FAMILY,5+,0,,0,(831) 469-3620,elijah.nichols@gmail.com,Y,Y,Y,Y,Y,Y,NONE,N,N,Keep default.,60000,Keep default,1000,300000,N,1000,$28.82,$345.85,Robyn Akin Dequine,"San Jose, CA",(408) 268-2546,#95620457
Renters,95126,Elisabeth,Trujillo,11/18/1993,m,2050 Southwest Expy 126,San Jose,CA,N,RENTED HOUSE - SINGLE FAMILY,5+,0,,0,(650) 425-3914,vivien.shepherd@gmail.com,Y,Y,Y,Y,Y,Y,NONE,N,N,Keep default.,60000,Keep default,1000,300000,N,1500,$17.90,$214.81,Amar Sehgal,"San Jose, CA",(408) 298-2194,#11689968
Renters,94089,Alexandra,Cobb,12/1/1993,m,1235 Wildwood Ave,Sunnyvale,CA,N,RENTED HOUSE - SINGLE FAMILY,5+,0,,0,(925) 228-0760,elizabeth.swanson@gmail.com,Y,Y,Y,Y,Y,Y,NONE,N,N,Keep default.,60000,Keep default,1000,300000,N,5000,$11.17,$134.09,Anthony Mangiameli,"San Jose, CA",(408) 247-7833,#73118148
Renters,95134,Adrian,Kelley,06/06/1967,m,345 Village Center Dr,San Jose,CA,N,RENTED HOUSE - SINGLE FAMILY,5+,0,,0,(408) 599-5321,oliver.floyd@gmail.com,Y,Y,Y,Y,Y,Y,NONE,N,N,Keep default.,4000,Keep default,1000,100000,N,250,$10.83,$130.00,Jose Manabat,"San Jose, CA",(408) 437-5456,#65313719
Renters,95126,Luna,Bailey,11/12/1942,f,2050 Southwest Expy 126,San Jose,CA,N,RENTED HOUSE - SINGLE FAMILY,5+,0,,0,(408) 378-7188,oliver.floyd@gmail.com,Y,Y,Y,Y,Y,Y,NONE,N,N,Keep default.,4000,Keep default,1000,100000,N,500,$10.83,$130.00,Angela Chen,"San Jose, CA",(408) 243-8383,#49097604
Renters,94086,Elisabeth,Roth,11/18/1970,m,1035 Aster Ave,Sunnyvale,CA,N,RENTED HOUSE - SINGLE FAMILY,5+,0,,0,(415) 885-0333,jakob.cox@gmail.com,Y,Y,Y,Y,Y,Y,NONE,N,N,Keep default.,4000,Keep default,1000,100000,N,1000,$10.83,$130.00,Jyotisen Mody,"Milpitas, CA",(408) 726-5197,#87495425
Renters,95134,Arabella,Lynch,07/31/1966,m,70 Descanso Dr,San Jose,CA,N,RENTED HOUSE - SINGLE FAMILY,5+,0,,0,(855) 254-9912,jakob.cox@gmail.com,Y,Y,Y,Y,Y,Y,NONE,N,N,Keep default.,4000,Keep default,1000,100000,N,5000,$10.83,$130.00,Jerry Gifford,"San Jose, CA",(408) 361-8296,#60166790
Renters,95050,Genevieve,Alvarez,12/1/1973,m,431 El Camino Real,Santa Clara,CA,N,RENTED HOUSE - SINGLE FAMILY,5+,0,,0,(415) 359-1333,elijah.nichols@gmail.com,Y,Y,Y,Y,Y,Y,NONE,N,N,Keep default.,4000,Keep default,1000,300000,N,250,$12.09,$145.07,Jason Medeiros,"Newark, CA",(925) 321-3082,#81582419
Renters,95008,Joseph,Soto,05/06/1950,f,200 Hollis Ave,Campbell,CA,N,RENTED HOUSE - SINGLE FAMILY,5+,0,,0,(760) 598-9000,clara.kirby@gmail.com,Y,Y,Y,Y,Y,Y,NONE,N,N,Keep default.,4000,Keep default,1000,300000,N,500,$12.68,$152.21,Gary Peralta,"Campbell, CA",(408) 871-8228,#91300433
Renters,94089,Eliot,Parsons,03/08/1940,f,1235 Wildwood Ave,Sunnyvale,CA,N,RENTED HOUSE - SINGLE FAMILY,5+,0,,0,(619) 479-6565,norah.alvarado@gmail.com,Y,Y,Y,Y,Y,Y,NONE,N,N,Keep default.,4000,Keep default,1000,300000,N,1000,$10.83,$130.00,Anthony Mangiameli,"San Jose, CA",(408) 247-7833,#93670671
Renters,95126,Natalie,Andrews,04/05/1941,m,754 The Alameda,San Jose,CA,N,RENTED HOUSE - SINGLE FAMILY,5+,0,,0,(619) 583-8084,jakob.cox@gmail.com,Y,Y,Y,Y,Y,Y,NONE,N,N,Keep default.,4000,Keep default,1000,300000,N,1500,$10.83,$130.00,Dipika Vora,"San Ramon, CA",(408) 941-0094,#40293280
Renters,95126,Evelyn,Wilson,06/06/1967,m,1300 The Alameda,San Jose,CA,N,RENTED HOUSE - SINGLE FAMILY,5+,0,,0,(650) 389-9367,clara.kirby@gmail.com,Y,Y,Y,Y,Y,Y,NONE,N,N,Keep default.,10000,Keep default,1000,100000,N,250,$12.80,$153.62,Jason Schram,"Palo Alto, CA",(650) 522-0027,#52329394
Renters,95054,Zachary,Horton,02/04/1961,f,4500 Carlyle Ct,Santa Clara,CA,N,RENTED HOUSE - SINGLE FAMILY,5+,0,,0,(415) 587-5815,clara.kirby@gmail.com,Y,Y,Y,Y,Y,Y,NONE,N,N,Keep default.,10000,Keep default,1000,100000,N,500,$10.83,$130.00,Jeannette Sacman,"Santa Clara, CA",(408) 984-2790,#96859775
Renters,94301,Rhys,Pope,02/04/1961,f,459 Hamilton Ave,Palo Alto,CA,N,RENTED HOUSE - SINGLE FAMILY,5+,0,,0,(858) 271-4151,anabel.patton@gmail.com,Y,Y,Y,Y,Y,Y,NONE,N,N,Keep default.,10000,Keep default,1000,100000,N,1000,$10.83,$130.00,Emilia Liu,"Palo Alto, CA",(650) 856-8002,#05105836
Renters,95112,Ezra,Martin,03/08/1940,m,760 N 7th St,San Jose,CA,N,RENTED HOUSE - SINGLE FAMILY,5+,0,,0,(855) 365-1913,oliver.floyd@gmail.com,Y,Y,Y,Y,Y,Y,NONE,N,N,Keep default.,10000,Keep default,1000,100000,N,1500,$10.83,$130.00,Roger Tuma,"Milpitas, CA",(408) 573-3820,#20245036
Renters,95054,Elise,Lopez,05/06/1950,m,1600 Nantucket Cir,Santa Clara,CA,N,RENTED HOUSE - SINGLE FAMILY,5+,0,,0,(510) 841-2760,oliver.floyd@gmail.com,Y,Y,Y,Y,Y,Y,NONE,N,N,Keep default.,10000,Keep default,1000,100000,N,5000,$10.83,$130.00,Tony Stoll,"San Jose, CA",(650) 200-5721,#60335577
Renters,94086,Alexandra,Wells,11/12/1942,f,201 W California Ave,Sunnyvale,CA,N,RENTED HOUSE - SINGLE FAMILY,5+,0,,0,(415) 745-3716,vivien.shepherd@gmail.com,Y,Y,Y,Y,Y,Y,NONE,N,N,Keep default.,10000,Keep default,1000,300000,N,250,$11.09,$133.05,Reet Singh,"Concord, CA",(925) 671-0342,#97717414
Renters,95054,Charlotte,Mcdonald,05/06/1950,f,730 Agnew Rd,Santa Clara,CA,N,RENTED HOUSE - SINGLE FAMILY,5+,0,,0,(415) 586-8940,clara.kirby@gmail.com,Y,Y,Y,Y,Y,Y,NONE,N,N,Keep default.,10000,Keep default,1000,300000,N,500,$10.83,$130.00,Sandra Chang,"Santa Clara, CA",(408) 890-2289,#65087185
Renters,95054,Charlotte,Watson,04/05/1941,f,1500 Vista Club Cir,Santa Clara,CA,N,RENTED HOUSE - SINGLE FAMILY,5+,0,,0,(408) 241-1445,anabel.patton@gmail.com,Y,Y,Y,Y,Y,Y,NONE,N,N,Keep default.,10000,Keep default,1000,300000,N,1000,$10.83,$130.00,Lily Zhao,"San Jose, CA",(408) 398-4616,#09794563
Renters,94086,Natalie,Dean,03/03/1967,m,355 E Evelyn Ave,Sunnyvale,CA,N,RENTED HOUSE - SINGLE FAMILY,5+,0,,0,(415) 648-1910,elijah.nichols@gmail.com,Y,Y,Y,Y,Y,Y,NONE,N,N,Keep default.,10000,Keep default,1000,300000,N,1500,$10.83,$130.00,Jae Lee,"San Jose, CA",(408) 252-3200,#26744424
Renters,95126,Graham,Sutton,11/18/1970,m,950 Meridian Ave,San Jose,CA,N,RENTED HOUSE - SINGLE FAMILY,5+,0,,0,(415) 587-5815,oliver.floyd@gmail.com,Y,Y,Y,Y,Y,Y,NONE,N,N,Keep default.,18000,Keep default,1000,100000,N,250,$13.39,$160.69,Tyler Carlin,"Orangevale, CA",(916) 988-5525,#50872569
Renters,95136,Everett,Santos,11/18/1970,m,5230 Terner Way,San Jose,CA,N,RENTED HOUSE - SINGLE FAMILY,5+,0,,0,(877) 745-9314,anabel.patton@gmail.com,Y,Y,Y,Y,Y,Y,NONE,N,N,Keep default.,18000,Keep default,1000,100000,N,500,$12.32,$147.84,Kevin Truong,"San Jose, CA",(408) 971-9174,#31894446
Renters,95014,Arianna,Frank,11/18/1970,m,7375 Rollingdell Dr,Cupertino,CA,N,RENTED HOUSE - SINGLE FAMILY,5+,0,,0,(858) 453-7368,norah.alvarado@gmail.com,Y,Y,Y,Y,Y,Y,NONE,N,N,Keep default.,18000,Keep default,1000,100000,N,1000,$10.83,$130.00,John Williams,"San Jose, CA",(408) 227-2560,#18368735
Renters,94040,Elias,Boyd,03/27/1954,f,234 Escuela Ave,Mountain View,CA,N,RENTED HOUSE - SINGLE FAMILY,5+,0,,0,(415) 664-2822,vivien.shepherd@gmail.com,Y,Y,Y,Y,Y,Y,NONE,N,N,Keep default.,18000,Keep default,1000,100000,N,1500,$10.83,$130.00,Jianhong Zhou,"Fremont, CA",(510) 656-1009,#00625802
Renters,94043,Zachery,Sutton,12/1/1973,f,555 W Middlefield Rd,Mountain View,CA,N,RENTED HOUSE - SINGLE FAMILY,5+,0,,0,(650) 528-2128,oliver.floyd@gmail.com,Y,Y,Y,Y,Y,Y,NONE,N,N,Keep default.,18000,Keep default,1000,100000,N,5000,$10.83,$130.00,Robert Chang,"Mountain View, CA",(650) 965-8559,#78300897
Renters,95112,Ava,Doyle,11/18/1970,f,101 E San Fernando St 100,San Jose,CA,N,RENTED HOUSE - SINGLE FAMILY,5+,0,,0,(408) 359-8979,anabel.patton@gmail.com,Y,Y,Y,Y,Y,Y,NONE,N,N,Keep default.,18000,Keep default,1000,300000,N,500,$13.05,$156.58,Heidi Shigematsu,"San Jose, CA",(408) 288-9222,#65796267
Renters,95051,Layla,Peterson,04/05/1941,f,101 Saratoga Ave,Santa Clara,CA,N,RENTED HOUSE - SINGLE FAMILY,5+,0,,0,(415) 861-3333,oliver.floyd@gmail.com,Y,Y,Y,Y,Y,Y,NONE,N,N,Keep default.,18000,Keep default,1000,300000,N,1000,$10.83,$130.00,Sammy Lee,"San Jose, CA",(408) 247-8800,#60967864
Renters,95136,Tessa,Soto,11/18/1970,f,4300 The Woods Dr,San Jose,CA,N,RENTED HOUSE - SINGLE FAMILY,5+,0,,0,(415) 658-6604,aidan.briggs@gmail.com,Y,Y,Y,Y,Y,Y,NONE,N,N,Keep default.,18000,Keep default,1000,300000,N,1500,$12.13,$145.51,Ernest Dillard,"El Dorado Hills, CA",(916) 939-8553,#27311620
Renters,94086,Gemma,Maxwell,06/06/1967,m,718 Old San Francisco Rd,Sunnyvale,CA,N,RENTED HOUSE - SINGLE FAMILY,5+,0,,0,(650) 216-6886,norah.alvarado@gmail.com,Y,Y,Y,Y,Y,Y,NONE,N,N,Keep default.,18000,Keep default,1000,300000,N,5000,$10.83,$130.00,Qing Sun,"Artesia, CA",(562) 810-0500,#59529758
Renters,95134,Lydia,Adkins,07/31/1966,f,70 Descanso Dr,San Jose,CA,N,RENTED HOUSE - SINGLE FAMILY,5+,0,,0,(855) 802-6683,clara.kirby@gmail.com,Y,Y,Y,Y,Y,Y,NONE,N,N,Keep default.,30000,Keep default,1000,100000,N,250,$12.36,$148.32,Gregory Wong,"San Jose, CA",(408) 929-6868,#11763080
Renters,95131,Addyson,Fletcher,11/18/1970,f,1600 Whitewood Dr,San Jose,CA,N,RENTED HOUSE - SINGLE FAMILY,5+,0,,0,(415) 334-1880,vivien.shepherd@gmail.com,Y,Y,Y,Y,Y,Y,NONE,N,N,Keep default.,30000,Keep default,1000,100000,N,500,$11.37,$136.46,Nga Truong,"San Jose, CA",(408) 526-1800,#55007028
Renters,95126,Avery,Price,03/03/1967,f,1201 Parkmoor Ave,San Jose,CA,N,RENTED HOUSE - SINGLE FAMILY,5+,0,,0,(408) 735-9780,aidan.briggs@gmail.com,Y,Y,Y,Y,Y,Y,NONE,N,N,Keep default.,30000,Keep default,1000,100000,N,1000,$12.79,$153.52,James Melin,"San Jose, CA",(408) 985-0500,#57614793
Renters,94086,Griffin,Wall,03/08/1940,m,825 E Evelyn Ave,Sunnyvale,CA,N,RENTED HOUSE - SINGLE FAMILY,5+,0,,0,(707) 762-5126,clara.kirby@gmail.com,Y,Y,Y,Y,Y,Y,NONE,N,N,Keep default.,30000,Keep default,1000,100000,N,1500,$10.83,$130.00,Mark Rizzo,"San Jose, CA",(408) 449-4820,#82241987
Renters,95112,Isabelle,Sanchez,03/03/1967,f,101 E San Fernando St 100,San Jose,CA,N,RENTED HOUSE - SINGLE FAMILY,5+,0,,0,(650) 528-2129,clara.kirby@gmail.com,Y,Y,Y,Y,Y,Y,NONE,N,N,Keep default.,30000,Keep default,1000,300000,N,500,$14.94,$179.33,Harry Nguyen,"San Jose, CA",(408) 287-8874,#10738116
Renters,94043,Jacob,Kelly,02/04/1961,f,505 Central Ave,Mountain View,CA,N,RENTED HOUSE - SINGLE FAMILY,5+,0,,0,(415) 405-4600,jakob.cox@gmail.com,Y,Y,Y,Y,Y,Y,NONE,N,N,Keep default.,30000,Keep default,1000,300000,N,1000,$11.59,$139.13,Kevin Fitzpatrick,"Sunnyvale, CA",(408) 736-5395,#46609402
Renters,95134,Miles,Avila,03/27/1954,m,70 Descanso Dr,San Jose,CA,N,RENTED HOUSE - SINGLE FAMILY,5+,0,,0,(408) 728-9514,aidan.briggs@gmail.com,Y,Y,Y,Y,Y,Y,NONE,N,N,Keep default.,30000,Keep default,1000,300000,N,5000,$10.83,$130.00,Su Mei Tseng,"San Jose, CA",(408) 922-0998,#12317159
Renters,95136,Gemma,Hopkins,03/08/1940,f,4300 The Woods Dr,San Jose,CA,N,RENTED HOUSE - SINGLE FAMILY,5+,0,,0,(415) 334-1880,elizabeth.swanson@gmail.com,Y,Y,Y,Y,Y,Y,NONE,N,N,Keep default.,40000,Keep default,1000,100000,N,500,$14.58,$174.96,Ernest Dillard,"El Dorado Hills, CA",(916) 939-8553,#54228528
Renters,95125,Harper,Patterson,07/31/1966,m,2118 Canoas Garden Ave,San Jose,CA,N,RENTED HOUSE - SINGLE FAMILY,5+,0,,0,(650) 321-1000,oliver.floyd@gmail.com,Y,Y,Y,Y,Y,Y,NONE,N,N,Keep default.,40000,Keep default,1000,100000,N,1500,$13.21,$158.48,Kevin Hunt,"Templeton, CA",(805) 434-3276,#09845549
Renters,95050,Eden,Conley,11/12/1942,f,431 El Camino Real,Santa Clara,CA,N,RENTED HOUSE - SINGLE FAMILY,5+,0,,0,(510) 494-9500,elizabeth.swanson@gmail.com,Y,Y,Y,Y,Y,Y,NONE,N,N,Keep default.,40000,Keep default,1000,100000,N,5000,$10.83,$130.00,Jason Medeiros,"Newark, CA",(925) 321-3082,#20719932
Renters,95134,Xander,Salazar,11/12/1942,m,150 Alicante Dr,San Jose,CA,N,RENTED HOUSE - SINGLE FAMILY,5+,0,,0,(408) 842-4457,oliver.floyd@gmail.com,Y,Y,Y,Y,Y,Y,NONE,N,N,Keep default.,40000,Keep default,1000,300000,N,250,$14.53,$174.38,Michael Short,"San Jose, CA",(408) 466-6586,#57703080
Renters,95008,Graham,Cohen,02/04/1961,f,2275 S Bascom Ave,Campbell,CA,N,RENTED HOUSE - SINGLE FAMILY,5+,0,,0,(707) 766-9500,oliver.floyd@gmail.com,Y,Y,Y,Y,Y,Y,NONE,N,N,Keep default.,40000,Keep default,1000,300000,N,500,$17.47,$209.67,Thu Nguyen,"San Jose, CA",(408) 258-8388,#32747934
Renters,94089,Nathan,Davidson,11/18/1970,f,1235 Wildwood Ave,Sunnyvale,CA,N,RENTED HOUSE - SINGLE FAMILY,5+,0,,0,(650) 991-0777,aidan.briggs@gmail.com,Y,Y,Y,Y,Y,Y,NONE,N,N,Keep default.,40000,Keep default,1000,300000,N,1000,$13.29,$159.45,Anthony Mangiameli,"San Jose, CA",(408) 247-7833,#28082766
Renters,95131,Sebastian,Copeland,03/27/1954,m,1600 Whitewood Dr,San Jose,CA,N,RENTED HOUSE - SINGLE FAMILY,5+,0,,0,(888) 586-1355,aidan.briggs@gmail.com,Y,Y,Y,Y,Y,Y,NONE,N,N,Keep default.,40000,Keep default,1000,300000,N,1500,$11.63,$139.52,Rudy Buitrago,"San Jose, CA",(408) 434-0640,#93581797
Renters,95123,Rosalie,Waters,03/03/1967,f,150 Palm Valley Blvd,San Jose,CA,N,RENTED HOUSE - SINGLE FAMILY,5+,0,,0,(602) 427-2752,jakob.cox@gmail.com,Y,Y,Y,Y,Y,Y,NONE,N,N,Keep default.,40000,Keep default,1000,300000,N,5000,$11.77,$141.22,Bin Lu,"San Jose, CA",(408) 728-9789,#99817557
Renters,94043,Genevieve,Sandoval,07/31/1966,f,505 Central Ave,Mountain View,CA,N,RENTED HOUSE - SINGLE FAMILY,5+,0,,0,(415) 492-9660,norah.alvarado@gmail.com,Y,Y,Y,Y,Y,Y,NONE,N,N,Keep default.,60000,Keep default,1000,100000,N,250,$16.53,$198.36,Rekha Agrawal,"Santa Clara, CA",(855) 468-8725,#40759076
Renters,95136,Finn,Duran,03/08/1940,m,4300 The Woods Dr,San Jose,CA,N,RENTED HOUSE - SINGLE FAMILY,5+,0,,0,(831) 475-6342,elijah.nichols@gmail.com,Y,Y,Y,Y,Y,Y,NONE,N,N,Keep default.,60000,Keep default,1000,100000,N,500,$17.46,$209.55,Ernest Dillard,"El Dorado Hills, CA",(916) 939-8553,#29496557
Renters,95112,Vivian,Carson,03/03/1967,m,101 E San Fernando St 100,San Jose,CA,N,RENTED HOUSE - SINGLE FAMILY,5+,0,,0,(415) 781-9000,norah.alvarado@gmail.com,Y,Y,Y,Y,Y,Y,NONE,N,N,Keep default.,60000,Keep default,1000,100000,N,1500,$14.05,$168.63,Phan Le,"San Jose, CA",(408) 298-3562,#17438651
Renters,95125,Aden,Lawson,07/31/1966,m,3200 Rubino Dr,San Jose,CA,N,RENTED HOUSE - SINGLE FAMILY,5+,0,,0,(408) 736-4963,aidan.briggs@gmail.com,Y,Y,Y,Y,Y,Y,NONE,N,N,Keep default.,60000,Keep default,1000,100000,N,5000,$11.60,$139.20,Vilai Yang,"Elk Grove, CA",(916) 684-9958,#80254285
Renters,95134,Eliana,Scott,04/05/1941,f,345 Village Center Dr,San Jose,CA,N,RENTED HOUSE - SINGLE FAMILY,5+,0,,0,(408) 733-3049,oliver.floyd@gmail.com,Y,Y,Y,Y,Y,Y,NONE,N,N,Keep default.,60000,Keep default,1000,300000,N,250,$16.96,$203.52,Jack Gilbert,"San Jose, CA",(408) 922-0855,#55970402
Renters,95134,Leah,Scott,03/03/1967,m,150 Alicante Dr,San Jose,CA,N,RENTED HOUSE - SINGLE FAMILY,5+,0,,0,(415) 981-2605,vivien.shepherd@gmail.com,Y,Y,Y,Y,Y,Y,NONE,N,N,Keep default.,60000,Keep default,1000,300000,N,500,$17.29,$207.49,Michael Short,"San Jose, CA",(408) 466-6586,#30740306
Renters,95126,Evan,Cochran,03/27/1954,m,2050 Southwest Expy 126,San Jose,CA,N,RENTED HOUSE - SINGLE FAMILY,5+,0,,0,(415) 404-7453,elijah.nichols@gmail.com,Y,Y,Y,Y,Y,Y,NONE,N,N,Keep default.,60000,Keep default,1000,300000,N,1000,$17.80,$213.60,Rachel Oster-Payne,"San Jose, CA",(408) 885-1190,#83024822
Renters,94043,Evangeline,Robbins,02/04/1961,m,555 W Middlefield Rd,Mountain View,CA,N,RENTED HOUSE - SINGLE FAMILY,5+,0,,0,(408) 294-5333,anabel.patton@gmail.com,Y,Y,Y,Y,Y,Y,NONE,N,N,Keep default.,60000,Keep default,1000,300000,N,1500,$13.86,$166.32,Byung Soo Kim,"San Jose, CA",(408) 244-1629,#23618681
Renters,94086,Aron,Juarez,03/08/1940,m,655 S Fair Oaks Ave,Sunnyvale,CA,N,RENTED HOUSE - SINGLE FAMILY,5+,0,,0,(408) 570-5010,anabel.patton@gmail.com,Y,Y,Y,Y,Y,Y,NONE,N,N,Keep default.,60000,Keep default,1000,300000,N,5000,$10.83,$130.00,Andrew Chavez,"Los Angeles, CA",(310) 881-2770,#42568946
Renters,94086,Levi,Combs,06/06/1986,m,243 Buena Vista Ave,Sunnyvale,CA,N,RENTED HOUSE - SINGLE FAMILY,5+,0,,0,(415) 459-2900,jude.neal@gmail.com,Y,Y,Y,Y,Y,Y,NONE,N,N,Keep default.,10000,Keep default,1000,300000,N,1500,$10.83,$130.00,Jason Schram,"Palo Alto, CA",(650) 522-0027,#47219706
Renters,95014,Mason,Mccarthy,03/08/1990,m,5608 Stevens Creek Blvd,Cupertino,CA,N,RENTED HOUSE - SINGLE FAMILY,5+,0,,0,(650) 952-3727,elizabeth.swanson@gmail.com,Y,Y,Y,Y,Y,Y,NONE,N,N,Keep default.,10000,Keep default,1000,300000,N,5000,$10.83,$130.00,David Kelly,"Sacramento, CA",(916) 447-9797,#67600297
Renters,95030,Adelaide,Wells,03/27/1987,f,10 Jackson St 107,Los Gatos,CA,N,RENTED HOUSE - SINGLE FAMILY,5+,0,,0,(415) 284-9080,norah.alvarado@gmail.com,Y,Y,Y,Y,Y,Y,NONE,N,N,Keep default.,18000,Keep default,1000,100000,N,1000,$10.83,$130.00,Jinghuai Li,"Mountain View, CA",(650) 988-9618,#15358975
Renters,95054,Dominick,Harvey,11/18/1989,m,550 Moreland Way,Santa Clara,CA,N,RENTED HOUSE - SINGLE FAMILY,5+,0,,0,(619) 286-7600,jakob.cox@gmail.com,Y,Y,Y,Y,Y,Y,NONE,N,N,Keep default.,18000,Keep default,1000,300000,N,250,$12.58,$150.96,Stephen Larson,"Sacramento, CA",(916) 428-4520,#55138562
Renters,95112,Dominick,Rowe,03/03/1988,m,1700 N 1st St,San Jose,CA,N,RENTED HOUSE - SINGLE FAMILY,5+,0,,0,(415) 255-2288,norah.alvarado@gmail.com,Y,Y,Y,Y,Y,Y,NONE,N,N,Keep default.,40000,Keep default,1000,300000,N,1000,$14.76,$177.08,Timothy Shannon,"Pasadena, CA",(800) 999-5729,#21579606
Renters,95127,Emilia,Reeves,04/05/1994,f,2601 Nuestra Castillo Ct,San Jose,CA,N,RENTED HOUSE - SINGLE FAMILY,5+,0,,0,(415) 474-0333,jakob.cox@gmail.com,Y,Y,Y,Y,Y,Y,NONE,N,N,Keep default.,10000,Keep default,1000,100000,N,500,$10.83,$130.00,Jose Manabat,"San Jose, CA",(408) 437-5456,#71143634
Renters,95051,Landon,Wall,04/05/1994,m,1901 Halford Ave,Santa Clara,CA,N,RENTED HOUSE - SINGLE FAMILY,5+,0,,0,(510) 793-2535,clara.kirby@gmail.com,Y,Y,Y,Y,Y,Y,NONE,N,N,Keep default.,30000,Keep default,1000,100000,N,500,$11.37,$136.46,Jianmei Quitt,"San Diego, CA",(858) 605-5780,#66782157
Renters,95125,Gabriel,Hartman,12/1/1993,m,3200 Rubino Dr,San Jose,CA,N,RENTED HOUSE - SINGLE FAMILY,5+,0,,0,(415) 241-0100,jakob.cox@gmail.com,Y,Y,Y,Y,Y,Y,NONE,N,N,Keep default.,30000,Keep default,1000,300000,N,1500,$13.93,$167.14,Vilai Yang,"Elk Grove, CA",(916) 684-9958,#95957040
Renters,94085,Hanna,Woods,11/18/1993,f,355 N Wolfe Rd,Sunnyvale,CA,N,RENTED HOUSE - SINGLE FAMILY,5+,0,,0,(650) 992-3500,oliver.floyd@gmail.com,Y,Y,Y,Y,Y,Y,NONE,N,N,Keep default.,40000,Keep default,1000,300000,N,5000,$10.83,$130.00,Jeffery Sundquist,"San Jose, CA",(408) 449-4893,#07497903
Renters,95126,Landon,Knight,11/12/1994,m,2050 Southwest Expy 126,San Jose,CA,N,RENTED HOUSE - SINGLE FAMILY,5+,0,,0,(707) 778-1221,aidan.briggs@gmail.com,Y,Y,Y,Y,Y,Y,NONE,N,N,Keep default.,60000,Keep default,1000,100000,N,1500,$15.82,$189.81,Angela Chen,"San Jose, CA",(408) 243-8383,#25232569
Renters,94086,Arabella,Burton,06/06/1994,f,718 Old San Francisco Rd,Sunnyvale,CA,N,RENTED HOUSE - SINGLE FAMILY,5+,0,,0,(408) 288-7368,anabel.patton@gmail.com,Y,Y,Y,Y,Y,Y,NONE,N,N,Keep default.,60000,Keep default,1000,300000,N,250,$18.61,$223.36,Qing Sun,"Artesia, CA",(562) 810-0500,#36014688
Renters,95035,Everett,Simon,02/04/1961,m,555 S Park Victoria Dr,Milpitas,CA,N,RENTED HOUSE - SINGLE FAMILY,5+,0,,0,(619) 610-0954,oliver.floyd@gmail.com,Y,Y,Y,Y,Y,Y,NONE,N,N,Keep default.,4000,Keep default,1000,300000,N,5000,$10.83,$130.00,Carlos Ramirez,"San Jose, CA",(408) 726-5615,#10160658
Renters,95134,Conner,Whitaker,06/06/1967,m,150 Alicante Dr,San Jose,CA,N,RENTED HOUSE - SINGLE FAMILY,5+,0,,0,(408) 502-5305,jude.neal@gmail.com,Y,Y,Y,Y,Y,Y,NONE,N,N,Keep default.,10000,Keep default,1000,300000,N,5000,$10.83,$130.00,Michael Short,"San Jose, CA",(408) 466-6586,#93401002
Renters,95030,Max,Mccoy,05/06/1950,f,347 Massol Ave,Los Gatos,CA,N,RENTED HOUSE - SINGLE FAMILY,5+,0,,0,(650) 241-1641,elijah.nichols@gmail.com,Y,Y,Y,Y,Y,Y,NONE,N,N,Keep default.,18000,Keep default,1000,300000,N,250,$11.53,$138.36,Patricia Ropp,"Los Gatos, CA",(408) 356-1762,#93457120
Renters,95112,Declan,Foster,02/04/1961,f,760 N 7th St,San Jose,CA,N,RENTED HOUSE - SINGLE FAMILY,5+,0,,0,(415) 492-2180,clara.kirby@gmail.com,Y,Y,Y,Y,Y,Y,NONE,N,N,Keep default.,30000,Keep default,1000,100000,N,5000,$10.83,$130.00,Roger Tuma,"Milpitas, CA",(408) 573-3820,#42625530
Renters,95134,Madeline,Pearson,12/1/1973,f,70 Descanso Dr,San Jose,CA,N,RENTED HOUSE - SINGLE FAMILY,5+,0,,0,(855) 365-1913,norah.alvarado@gmail.com,Y,Y,Y,Y,Y,Y,NONE,N,N,Keep default.,30000,Keep default,1000,300000,N,1500,$11.35,$136.24,Daniel Youngs,"Milpitas, CA",(408) 262-5196,#85278448
Renters,95123,Arianna,Doyle,11/18/1970,f,6184 Cottle Rd,San Jose,CA,N,RENTED HOUSE - SINGLE FAMILY,5+,0,,0,(408) 225-8648,anabel.patton@gmail.com,Y,Y,Y,Y,Y,Y,NONE,N,N,Keep default.,40000,Keep default,1000,100000,N,1000,$14.26,$171.15,Bin Lu,"San Jose, CA",(408) 728-9789,#85268814
Renters,95136,Nora,Davenport,03/03/1967,m,5230 Terner Way,San Jose,CA,N,RENTED HOUSE - SINGLE FAMILY,5+,0,,0,(510) 215-2850,elizabeth.swanson@gmail.com,Y,Y,Y,Y,Y,Y,NONE,N,N,Keep default.,60000,Keep default,1000,100000,N,1000,$17.08,$205.00,Naser Asgari,"Santa Clara, CA",(408) 266-7175,#72809348
Renters,94089,Graham,Willis,03/03/1988,m,1235 Wildwood Ave,Sunnyvale,CA,N,RENTED HOUSE - SINGLE FAMILY,5+,0,,0,(925) 943-7977,clara.kirby@gmail.com,Y,Y,Y,Y,Y,Y,NONE,N,N,Keep default.,30000,Keep default,1000,100000,N,1500,$10.83,$130.00,Anthony Mangiameli,"San Jose, CA",(408) 247-7833,#41267601
Renters,95054,Dillon,Nelson,11/12/1942,m,502 Mansion Park Dr,Santa Clara,CA,N,RENTED HOUSE - SINGLE FAMILY,5+,0,,0,(408) 735-9780,norah.alvarado@gmail.com,Y,Y,Y,Y,Y,Y,NONE,N,N,Keep default.,4000,Keep default,1000,100000,N,1500,$10.83,$130.00,Roger Tuma,"Milpitas, CA",(408) 573-3820,#70395447
Renters,94086,Audrey,Lindsey,05/06/1950,m,555 E Washington Ave,Sunnyvale,CA,N,RENTED HOUSE - SINGLE FAMILY,5+,0,,0,(831) 469-3620,norah.alvarado@gmail.com,Y,Y,Y,Y,Y,Y,NONE,N,N,Keep default.,30000,Keep default,1000,300000,N,250,$13.21,$158.49,Jianhong Zhou,"Fremont, CA",(510) 656-1009,#39609382
Renters,94301,Savannah,Welch,12/1/1973,f,459 Hamilton Ave,Palo Alto,CA,N,RENTED HOUSE - SINGLE FAMILY,5+,0,,0,(415) 956-8858,jakob.cox@gmail.com,Y,Y,Y,Y,Y,Y,NONE,N,N,Keep default.,40000,Keep default,1000,100000,N,250,$13.83,$165.98,David Flaig,"San Mateo, CA",(650) 931-8630,#09048074
