Insurance Type,Zip code,First name,Last name,Date of birth,Gender,Address,City,State,Auto insurance coverage?,Property Type,# units,# unrelated roommates,# property losses in last 3 years,Phone number,Email address,Fire Sprinkler System?,Central Fire & Burglar Alarm?,Local Fire / Smoke Alarm?,Home Security?,Non Smoking Household?,Local Burglar Alarm?,Unusual hazards?,Dogs that bite?,Run a business from home?,Start date,Personal property worth,Loss of use,Medical payments,Personal liability,Farmers Identity Protection,Deductible,Policy number,Timestamp (seconds),Policy price,Name of agent,Address of agent,Elancer Name
Renters,94110,Genevieve,Oliver,12/1/1988,m,3469 18th St,San Francisco,CA,N,RENTED HOUSE - SINGLE FAMILY,5+,0,0,(408) 295-1360,oliver.floyd@gmail.com,Y,Y,Y,Y,Y,Y,NONE,N,N,Keep default.,4000,Keep default,1000,100000,N,250,#69938320,2015-10-07 11:18:06,$17.26,Victoria Frolova,"Daly City, CA",haoran
Renters,94109,Lilah,Fuller,12/1/1988,f,952 Sutter St,San Francisco,CA,N,RENTED HOUSE - SINGLE FAMILY,5+,0,0,(650) 440-7285,anabel.patton@gmail.com,Y,Y,Y,Y,Y,Y,NONE,N,N,Keep default.,4000,Keep default,1000,100000,N,250,#78012633,2015-10-07 11:18:06,$19.47,Donna Ouyang,"Daly City, CA",haoran
Renters,94117,Fiona,Higgins,11/18/1989,f,783 Buena Vista Ave W,San Francisco,CA,N,RENTED HOUSE - SINGLE FAMILY,5+,0,0,(650) 372-8336,norah.alvarado@gmail.com,Y,Y,Y,Y,Y,Y,NONE,N,N,Keep default.,4000,Keep default,1000,100000,N,250,#40340125,2015-10-07 11:18:06,$19.47,Patrick Cayabyab,"Daly City, CA",haoran
Renters,94704,Josiah,Roberts,07/31/1988,m,2020 Kittredge St,Berkeley,CA,N,RENTED HOUSE - SINGLE FAMILY,5+,0,0,(510) 886-1055,clara.kirby@gmail.com,Y,Y,Y,Y,Y,Y,NONE,N,N,Keep default.,4000,Keep default,1000,100000,N,250,#73926398,2015-10-07 11:18:06,$21.48,David Owens,"Lancaster, CA",haoran
Renters,94542,Ariana,Freeman,02/04/1989,m,25200 Carlos Bee Blvd,Hayward,CA,N,RENTED HOUSE - SINGLE FAMILY,5+,0,0,(831) 475-6342,jude.neal@gmail.com,Y,Y,Y,Y,Y,Y,NONE,N,N,Keep default.,4000,Keep default,1000,100000,N,250,#34749973,2015-10-07 11:18:06,$14.72,Gerry Costa,"San Diego, CA",haoran
Renters,94114,Scarlett,Sherman,07/31/1988,m,3904 17th St,San Francisco,CA,N,RENTED HOUSE - SINGLE FAMILY,5+,0,0,(650) 583-9275,clara.kirby@gmail.com,Y,Y,Y,Y,Y,Y,NONE,N,N,Keep default.,4000,Keep default,1000,100000,N,250,#27151588,2015-10-07 11:18:06,$17.26,Norman Lin,"Daly City, CA",haoran
Renters,94501,Lilly,Aguilar,03/08/1990,f,564 Central Ave,Alameda,CA,N,RENTED HOUSE - SINGLE FAMILY,5+,0,0,(415) 923-6900,norah.alvarado@gmail.com,Y,Y,Y,Y,Y,Y,NONE,N,N,Keep default.,4000,Keep default,1000,100000,N,250,#35608895,2015-10-07 11:18:06,$14.72,Phuong Le,"San Leandro, CA",haoran
Renters,94107,Luna,Elliott,07/31/1988,m,3 Bayside Village Pl,San Francisco,CA,N,RENTED HOUSE - SINGLE FAMILY,5+,0,0,(408) 496-6300,oliver.floyd@gmail.com,Y,Y,Y,Y,Y,Y,NONE,N,N,Keep default.,4000,Keep default,1000,100000,N,250,#51179216,2015-10-07 11:18:06,$17.26,Charles Attard,"South San Francisco, CA",haoran
Renters,94803,Andrew,Chang,04/05/1990,f,3535 El Portal Dr,El Sobrante,CA,N,RENTED HOUSE - SINGLE FAMILY,5+,0,0,(510) 865-1139,oliver.floyd@gmail.com,Y,Y,Y,Y,Y,Y,NONE,N,N,Keep default.,4000,Keep default,1000,100000,N,250,#27681512,2015-10-07 11:18:06,$18.34,Brian Craney,"Stockton, CA",haoran
Renters,94105,Izabella,Herrera,07/31/1988,f,680 Mission St,San Francisco,CA,N,RENTED HOUSE - SINGLE FAMILY,5+,0,0,(415) 885-0333,oliver.floyd@gmail.com,Y,Y,Y,Y,Y,Y,NONE,N,N,Keep default.,4000,Keep default,1000,100000,N,250,#34390123,2015-10-07 11:18:06,$17.26,Michelle McWhorter,"Avila Beach, CA",haoran
Renters,94109,Piper,Copeland,11/18/1989,f,1100 Gough St,San Francisco,CA,N,RENTED HOUSE - SINGLE FAMILY,5+,0,0,(408) 271-2600,norah.alvarado@gmail.com,Y,Y,Y,Y,Y,Y,NONE,N,N,Keep default.,4000,Keep default,1000,100000,N,250,#69388833,2015-10-07 11:18:06,$19.47,Philippos Gratsinopoulos,"Millbrae, CA",haoran
Renters,94002,Evangeline,Stewart,03/27/1987,m,2515 Carlmont Dr,Belmont,CA,N,RENTED HOUSE - SINGLE FAMILY,5+,0,0,(415) 738-8121,elijah.nichols@gmail.com,Y,Y,Y,Y,Y,Y,NONE,N,N,Keep default.,4000,Keep default,1000,100000,N,250,#59116979,2015-10-07 11:18:06,$15.69,Ralph Bravo,"San Mateo, CA",haoran
Renters,94103,Miles,Horton,06/06/1986,f,1188 Mission St,San Francisco,CA,N,RENTED HOUSE - SINGLE FAMILY,5+,0,0,(619) 460-5241,oliver.floyd@gmail.com,Y,Y,Y,Y,Y,Y,NONE,N,N,Keep default.,4000,Keep default,1000,100000,N,250,#91360263,2015-10-07 11:18:06,$17.26,Juan Castaneda,"South San Francisco, CA",haoran
Renters,94545,Isla,Sparks,11/12/1990,f,25800 Industrial Blvd.,Hayward,CA,N,RENTED HOUSE - SINGLE FAMILY,5+,0,0,(415) 648-5349,vivien.shepherd@gmail.com,Y,Y,Y,Y,Y,Y,NONE,N,N,Keep default.,4000,Keep default,1000,100000,N,250,#70014328,2015-10-07 11:18:06,$14.72,Elizabeth Banuelos,"Hayward, CA",haoran
Renters,94107,Zackery,Chavez,02/04/1989,f,1 St Francis Pl,San Francisco,CA,N,RENTED HOUSE - SINGLE FAMILY,5+,0,0,(415) 626-6900,oliver.floyd@gmail.com,Y,Y,Y,Y,Y,Y,NONE,N,N,Keep default.,4000,Keep default,1000,100000,N,250,#65247319,2015-10-07 11:18:06,$17.26,Ward Donnelly,"San Francisco, CA",haoran
Renters,94105,Willow,Johnson,03/08/1990,m,388 Beale Street,San Francisco,CA,N,RENTED HOUSE - SINGLE FAMILY,5+,0,0,(415) 861-3333,anabel.patton@gmail.com,Y,Y,Y,Y,Y,Y,NONE,N,N,Keep default.,4000,Keep default,1000,100000,N,250,#37332230,2015-10-07 11:18:06,$17.26,Miguel Gonzalez,"South San Francisco, CA",haoran
Renters,94105,Matthew,Campbell,07/31/1988,m,88 Howard St,San Francisco,CA,N,RENTED HOUSE - SINGLE FAMILY,5+,0,0,(415) 777-4100,norah.alvarado@gmail.com,Y,Y,Y,Y,Y,Y,NONE,N,N,Keep default.,4000,Keep default,1000,100000,N,250,#25828051,2015-10-07 11:18:06,$17.26,Mike Wise,"San Rafael, CA",haoran
Renters,94105,Iris,Dawson,03/27/1987,m,121 Spear St B18,San Francisco,CA,N,RENTED HOUSE - SINGLE FAMILY,5+,0,0,(831) 240-0330,oliver.floyd@gmail.com,Y,Y,Y,Y,Y,Y,NONE,N,N,Keep default.,4000,Keep default,1000,100000,N,250,#57221655,2015-10-07 11:18:06,$17.26,Igor Braginsky,"Walnut Creek, CA",haoran
Renters,94109,Rose,Jones,03/08/1990,m,1609 Franklin St,San Francisco,CA,N,RENTED HOUSE - SINGLE FAMILY,5+,0,0,(408) 842-4457,aidan.briggs@gmail.com,Y,Y,Y,Y,Y,Y,NONE,N,N,Keep default.,4000,Keep default,1000,100000,N,250,#72917943,2015-10-07 11:18:06,$19.47,John Helfrich,"South San Francisco, CA",haoran
Renters,94109,Harrison,Beck,03/27/1987,f,1388 Sutter St 11,San Francisco,CA,N,RENTED HOUSE - SINGLE FAMILY,5+,0,0,(415) 648-1910,jude.neal@gmail.com,Y,Y,Y,Y,Y,Y,NONE,N,N,Keep default.,4000,Keep default,1000,100000,N,250,#90358431,2015-10-07 11:18:06,$19.47,Leonard Stone,"Pacifica, CA",haoran
Renters,94103,Mason,Roth,11/18/1989,m,44 Gough St 202,San Francisco,CA,N,RENTED HOUSE - SINGLE FAMILY,5+,0,0,(415) 334-2698,vivien.shepherd@gmail.com,Y,Y,Y,Y,Y,Y,NONE,N,N,Keep default.,4000,Keep default,1000,100000,N,250,#18767405,2015-10-07 11:18:06,$17.26,Ralph Bravo,"San Mateo, CA",haoran
Renters,94704,Eva,Holloway,07/31/1988,f,2230 Durant Ave  103,Berkeley,CA,N,RENTED HOUSE - SINGLE FAMILY,5+,0,0,(408) 384-8887,clara.kirby@gmail.com,Y,Y,Y,Y,Y,Y,NONE,N,N,Keep default.,4000,Keep default,1000,100000,N,250,#13508090,2015-10-07 11:18:06,$21.48,Myrna Zelaya,"San Leandro, CA",haoran
Renters,94596,Zackery,Cunningham,03/27/1987,f,1200 Newell Hill Pl,Walnut Creek,CA,N,RENTED HOUSE - SINGLE FAMILY,5+,0,0,(650) 241-1641,jude.neal@gmail.com,Y,Y,Y,Y,Y,Y,NONE,N,N,Keep default.,4000,Keep default,1000,100000,N,250,#59951721,2015-10-07 11:18:06,$18.34,Dion Light,"San Diego, CA",haoran
Renters,94404,Eloise,Stephens,07/31/1988,f,808 Comet Dr,Foster City,CA,N,RENTED HOUSE - SINGLE FAMILY,5+,0,0,(510) 223-2000,norah.alvarado@gmail.com,Y,Y,Y,Y,Y,Y,NONE,N,N,Keep default.,4000,Keep default,1000,100000,N,250,#48677631,2015-10-07 11:18:06,$15.69,Dennis Collins,"San Mateo, CA",haoran
Renters,94115,Vivien,Gomez,04/05/1990,m,1475 Fillmore St,San Francisco,CA,N,RENTED HOUSE - SINGLE FAMILY,5+,0,0,(408) 214-1685,elijah.nichols@gmail.com,Y,Y,Y,Y,Y,Y,NONE,N,N,Keep default.,4000,Keep default,1000,100000,N,250,#35963297,2015-10-07 11:18:06,$19.47,Michael Romano,"Pacifica, CA",haoran
Renters,94510,Ronan,Chandler,07/31/1988,f,801 Southampton Rd,Benicia,CA,N,RENTED HOUSE - SINGLE FAMILY,5+,0,0,(415) 567-0683,elizabeth.swanson@gmail.com,Y,Y,Y,Y,Y,Y,NONE,N,N,Keep default.,4000,Keep default,1000,100000,N,250,#83711305,2015-10-07 11:18:06,$16.38,Ray Cheng,"Santa Ana, CA",haoran
Renters,94806,Iris,Wilson,02/04/1989,f,2490 Lancaster Dr,Richmond,CA,N,RENTED HOUSE - SINGLE FAMILY,5+,0,0,(408) 984-4767,clara.kirby@gmail.com,Y,Y,Y,Y,Y,Y,NONE,N,N,Keep default.,4000,Keep default,1000,100000,N,250,#05430347,2015-10-07 11:18:06,$16.38,Carolina Bautista,"Vallejo, CA",haoran
Renters,94132,Lillian,Sherman,03/27/1987,m,3711 19th Ave,San Francisco,CA,N,RENTED HOUSE - SINGLE FAMILY,5+,0,0,(831) 469-3620,anabel.patton@gmail.com,Y,Y,Y,Y,Y,Y,NONE,N,N,Keep default.,4000,Keep default,1000,100000,N,250,#85682988,2015-10-07 11:18:06,$19.47,Tracy Kennedy,"Woodland Hills, CA",haoran
Renters,94102,Leo,Decker,12/1/1988,m,1 Polk St,San Francisco,CA,N,RENTED HOUSE - SINGLE FAMILY,5+,0,0,(877) 516-8284,anabel.patton@gmail.com,Y,Y,Y,Y,Y,Y,NONE,N,N,Keep default.,4000,Keep default,1000,100000,N,250,#53287634,2015-10-07 11:18:06,$19.47,Anwer Siddiqui,"San Ramon, CA",haoran
Renters,94123,Caroline,Burnett,12/1/1988,f,1550 Bay St,San Francisco,CA,N,RENTED HOUSE - SINGLE FAMILY,5+,0,0,(415) 883-9600,elizabeth.swanson@gmail.com,Y,Y,Y,Y,Y,Y,NONE,N,N,Keep default.,4000,Keep default,1000,100000,N,250,#40266036,2015-10-07 11:18:06,$19.47,Joshua Romano,"Pacifica, CA",haoran
Renters,94109,Isabella,Cannon,04/05/1990,f,1560 Van Ness Ave,San Francisco,CA,N,RENTED HOUSE - SINGLE FAMILY,5+,0,0,(408) 996-1006,jakob.cox@gmail.com,Y,Y,Y,Y,Y,Y,NONE,N,N,Keep default.,4000,Keep default,1000,100000,N,250,#40997244,2015-10-07 11:18:06,$19.47,Gada Hassany,"Millbrae, CA",haoran
Renters,94549,Finn,Wilcox,07/31/1988,m,949 East St,Lafayette,CA,N,RENTED HOUSE - SINGLE FAMILY,5+,0,0,(831) 426-6855,elijah.nichols@gmail.com,Y,Y,Y,Y,Y,Y,NONE,N,N,Keep default.,4000,Keep default,1000,100000,N,250,#68530613,2015-10-07 11:18:06,$18.34,Mauricio Carbajal,"Concord, CA",haoran
Renters,94109,Layla,Solis,07/31/1988,f,888 OFarrell St,San Francisco,CA,N,RENTED HOUSE - SINGLE FAMILY,5+,0,0,(619) 610-0954,elijah.nichols@gmail.com,Y,Y,Y,Y,Y,Y,NONE,N,N,Keep default.,4000,Keep default,1000,100000,N,250,#48344480,2015-10-07 11:18:06,$19.47,Kevin Truong,"San Jose, CA",haoran
Renters,94801,Jude,Barber,03/27/1987,f,400 Harbour Way,Richmond,CA,N,RENTED HOUSE - SINGLE FAMILY,5+,0,0,(408) 266-1474,elizabeth.swanson@gmail.com,Y,Y,Y,Y,Y,Y,NONE,N,N,Keep default.,4000,Keep default,1000,100000,N,250,#48615225,2015-10-07 11:18:06,$16.38,Pawan Sharma,"Richmond, CA",haoran
Renters,94043,Penelope,Deleon,11/18/1989,f,555 W Middlefield Rd,Mountain View,CA,N,RENTED HOUSE - SINGLE FAMILY,5+,0,0,(877) 396-9296,oliver.floyd@gmail.com,Y,Y,Y,Y,Y,Y,NONE,N,N,Keep default.,4000,Keep default,1000,100000,N,250,#28013507,2015-10-07 11:18:06,$10.83,Abraham Khalil,"Palo Alto, CA",haoran
Renters,94158,Aiden,Armstrong,04/05/1990,f,355 Berry St,San Francisco,CA,N,RENTED HOUSE - SINGLE FAMILY,5+,0,0,(650) 265-2120,elizabeth.swanson@gmail.com,Y,Y,Y,Y,Y,Y,NONE,N,N,Keep default.,4000,Keep default,1000,100000,N,250,#13699451,2015-10-07 11:18:06,$19.47,Christopher Stuhr,"Sebastopol, CA",haoran
Renters,94086,Aidan,Hunt,11/18/1989,m,1035 Aster Ave,Sunnyvale,CA,N,RENTED HOUSE - SINGLE FAMILY,5+,0,0,(510) 215-2850,norah.alvarado@gmail.com,Y,Y,Y,Y,Y,Y,NONE,N,N,Keep default.,4000,Keep default,1000,100000,N,250,#51416283,2015-10-07 11:18:06,$10.83,Jyotisen Mody,"Milpitas, CA",haoran
Renters,94103,Juliette,Luna,05/06/1989,f,1045 Mission St,San Francisco,CA,N,RENTED HOUSE - SINGLE FAMILY,5+,0,0,(619) 334-6948,clara.kirby@gmail.com,Y,Y,Y,Y,Y,Y,NONE,N,N,Keep default.,4000,Keep default,1000,100000,N,250,#88225759,2015-10-07 11:18:06,$17.26,Jeffery Sundquist,"San Jose, CA",haoran
Renters,94107,Gideon,Burke,04/05/1990,m,255 King St,San Francisco,CA,N,RENTED HOUSE - SINGLE FAMILY,5+,0,0,(408) 502-5355,anabel.patton@gmail.com,Y,Y,Y,Y,Y,Y,NONE,N,N,Keep default.,4000,Keep default,1000,100000,N,250,#61607055,2015-10-07 11:18:06,$17.26,Virginia Tam,"Fremont, CA",haoran
Renters,94111,Eleanor,Burns,04/05/1990,f,460 Davis Ct,San Francisco,CA,N,RENTED HOUSE - SINGLE FAMILY,5+,0,0,(619) 582-4074,oliver.floyd@gmail.com,Y,Y,Y,Y,Y,Y,NONE,N,N,Keep default.,4000,Keep default,1000,100000,N,250,#12027724,2015-10-07 11:18:06,$19.47,Estela Fabris,"Millbrae, CA",haoran
Renters,94501,Cole,Craig,04/05/1990,m,550 Central Ave  301,Alameda,CA,N,RENTED HOUSE - SINGLE FAMILY,5+,0,0,(858) 486-4834,oliver.floyd@gmail.com,Y,Y,Y,Y,Y,Y,NONE,N,N,Keep default.,4000,Keep default,1000,100000,N,250,#45734850,2015-10-07 11:18:06,$14.72,James Miao,"San Leandro, CA",haoran
Renters,94104,Kaleb,Wallace,11/18/1989,m,690 Market St,San Francisco,CA,N,RENTED HOUSE - SINGLE FAMILY,5+,0,0,(510) 222-8623,jude.neal@gmail.com,Y,Y,Y,Y,Y,Y,NONE,N,N,Keep default.,4000,Keep default,1000,100000,N,250,#56903372,2015-10-07 11:18:06,$19.47,Patricia Sundberg,"Millbrae, CA",haoran
Renters,94108,Lukas,Christensen,02/04/1989,f,706 Kearny St,San Francisco,CA,N,RENTED HOUSE - SINGLE FAMILY,5+,0,0,(408) 866-1005,jakob.cox@gmail.com,Y,Y,Y,Y,Y,Y,NONE,N,N,Keep default.,4000,Keep default,1000,100000,N,250,#33759461,2015-10-07 11:18:06,$19.47,Joseph Castagno,"Millbrae, CA",haoran
Renters,94066,Wyatt,Reid,12/1/1988,m,3815 Susan Dr,San Bruno,CA,N,RENTED HOUSE - SINGLE FAMILY,5+,0,0,(831) 373-1025,vivien.shepherd@gmail.com,Y,Y,Y,Y,Y,Y,NONE,N,N,Keep default.,4000,Keep default,1000,100000,N,250,#77769193,2015-10-07 11:18:06,$11.48,Miguel Gonzalez,"South San Francisco, CA",haoran
Renters,94549,Owen,Griffith,12/1/1988,f,3520 Brook St,Lafayette,CA,N,RENTED HOUSE - SINGLE FAMILY,5+,0,0,(415) 781-9000,elizabeth.swanson@gmail.com,Y,Y,Y,Y,Y,Y,NONE,N,N,Keep default.,4000,Keep default,1000,100000,N,250,#72800037,2015-10-07 11:18:06,$18.34,Zuleima Garcia,"Concord, CA",haoran
Renters,94108,Owen,Bowman,03/03/1988,f,47 Kearny St,San Francisco,CA,N,RENTED HOUSE - SINGLE FAMILY,5+,0,0,(408) 257-1060,norah.alvarado@gmail.com,Y,Y,Y,Y,Y,Y,NONE,N,N,Keep default.,4000,Keep default,1000,100000,N,250,#25741948,2015-10-07 11:18:06,$19.47,Lena Wong,"San Bruno, CA",haoran
Renters,94806,Nora,Horton,05/06/1989,f,2300 Lancaster Dr,Richmond,CA,N,RENTED HOUSE - SINGLE FAMILY,5+,0,0,(877) 268-2574,elizabeth.swanson@gmail.com,Y,Y,Y,Y,Y,Y,NONE,N,N,Keep default.,4000,Keep default,1000,100000,N,250,#97301619,2015-10-07 11:18:06,$16.38,Derrick Lyerly,"Vallejo, CA",haoran
Renters,94109,Sofie,Rice,06/06/1986,f,400 Hyde St  101,San Francisco,CA,N,RENTED HOUSE - SINGLE FAMILY,5+,0,0,(707) 766-6881,oliver.floyd@gmail.com,Y,Y,Y,Y,Y,Y,NONE,N,N,Keep default.,4000,Keep default,1000,100000,N,250,#61015128,2015-10-07 11:18:06,$19.47,Edward Myers,"San Leandro, CA",haoran
Renters,94114,Isaac,Price,02/04/1989,f,4058 17th St,San Francisco,CA,N,RENTED HOUSE - SINGLE FAMILY,5+,0,0,(415) 981-5780,jude.neal@gmail.com,Y,Y,Y,Y,Y,Y,NONE,N,N,Keep default.,4000,Keep default,1000,100000,N,250,#76456014,2015-10-07 11:18:06,$17.26,Everett Taylor,"Burlingame, CA",haoran
Renters,94102,Zoe,Mann,05/06/1989,f,835 Turk St,San Francisco,CA,N,RENTED HOUSE - SINGLE FAMILY,5+,0,0,(831) 585-1628,oliver.floyd@gmail.com,Y,Y,Y,Y,Y,Y,NONE,N,N,Keep default.,4000,Keep default,1000,100000,N,250,#01965169,2015-10-07 11:18:06,$19.47,R Michael Miller,"San Rafael, CA",haoran
Renters,94133,Isabella,Fox,05/06/1989,f,2211 Stockton St,San Francisco,CA,N,RENTED HOUSE - SINGLE FAMILY,5+,0,0,(925) 228-0760,aidan.briggs@gmail.com,Y,Y,Y,Y,Y,Y,NONE,N,N,Keep default.,4000,Keep default,1000,100000,N,250,#33403180,2015-10-07 11:18:06,$19.47,Pamela Spikes,"Oakland, CA",haoran
Renters,94115,Ian,Sanders,06/06/1986,m,1489 Webster St  101,San Francisco,CA,N,RENTED HOUSE - SINGLE FAMILY,5+,0,0,(831) 469-3620,clara.kirby@gmail.com,Y,Y,Y,Y,Y,Y,NONE,N,N,Keep default.,4000,Keep default,1000,100000,N,250,#91664394,2015-10-07 11:18:06,$19.47,Nancy Hu,"San Francisco, CA",haoran
Renters,94015,Greyson,Evans,05/06/1989,m,862 Campus Dr,Daly City,CA,N,RENTED HOUSE - SINGLE FAMILY,5+,0,0,(858) 530-2100,jakob.cox@gmail.com,Y,Y,Y,Y,Y,Y,NONE,N,N,Keep default.,4000,Keep default,1000,100000,N,250,#20643370,2015-10-07 11:18:06,$11.48,Clysly Desales,"Daly City, CA",haoran
Renters,94133,Aden,Blair,11/18/1989,m,2140 Taylor St,San Francisco,CA,N,RENTED HOUSE - SINGLE FAMILY,5+,0,0,(888) 270-6855,elijah.nichols@gmail.com,Y,Y,Y,Y,Y,Y,NONE,N,N,Keep default.,4000,Keep default,1000,100000,N,250,#15851782,2015-10-07 11:18:06,$19.47,Lien Tu,"San Francisco, CA",haoran
Renters,94107,Adrian,Clarke,11/12/1990,f,574 3rd St 101,San Francisco,CA,N,RENTED HOUSE - SINGLE FAMILY,5+,0,0,(650) 345-5406,anabel.patton@gmail.com,Y,Y,Y,Y,Y,Y,NONE,N,N,Keep default.,4000,Keep default,1000,100000,N,250,#10459827,2015-10-07 11:18:06,$17.26,Daniel Onyike,"San Francisco, CA",haoran
Renters,94115,Elise,Burnett,11/18/1989,m,2799 California St,San Francisco,CA,N,RENTED HOUSE - SINGLE FAMILY,5+,0,0,(415) 688-2085,elijah.nichols@gmail.com,Y,Y,Y,Y,Y,Y,NONE,N,N,Keep default.,4000,Keep default,1000,100000,N,250,#78408110,2015-10-07 11:18:06,$19.47,Dennis Dellinges,"San Francisco, CA",haoran
Renters,94107,Elijah,Hammond,04/05/1990,f,2235 3rd St,San Francisco,CA,N,RENTED HOUSE - SINGLE FAMILY,5+,0,0,(408) 214-1714,elizabeth.swanson@gmail.com,Y,Y,Y,Y,Y,Y,NONE,N,N,Keep default.,4000,Keep default,1000,100000,N,250,#87211375,2015-10-07 11:18:06,$17.26,Raymond Chan,"Daly City, CA",haoran
Renters,94402,Isabella,Knight,07/31/1988,f,10 De Sabla Rd,San Mateo,CA,N,RENTED HOUSE - SINGLE FAMILY,5+,0,0,(415) 578-4349,anabel.patton@gmail.com,Y,Y,Y,Y,Y,Y,NONE,N,N,Keep default.,4000,Keep default,1000,100000,N,250,#49510962,2015-10-07 11:18:06,$15.69,S Beckheyer,"Burlingame, CA",haoran
Renters,94520,Savannah,Stone,05/06/1989,f,1491 Detroit Ave,Concord,CA,N,RENTED HOUSE - SINGLE FAMILY,5+,0,0,(707) 745-3000,elizabeth.swanson@gmail.com,Y,Y,Y,Y,Y,Y,NONE,N,N,Keep default.,4000,Keep default,1000,100000,N,250,#49214692,2015-10-07 11:18:06,$18.34,Matthew Gee,"Simi Valley, CA",haoran
Renters,94015,Elizabeth,Strickland,05/06/1989,m,333 Park Plaza Dr,Daly City,CA,N,RENTED HOUSE - SINGLE FAMILY,5+,0,0,(408) 664-2724,jakob.cox@gmail.com,Y,Y,Y,Y,Y,Y,NONE,N,N,Keep default.,4000,Keep default,1000,100000,N,250,#29149386,2015-10-07 11:18:06,$11.48,Cristina Santos,"Daly City, CA",haoran
Renters,95035,Annabelle,Bennett,06/06/1986,f,440 Dixon Landing Rd,Milpitas,CA,N,RENTED HOUSE - SINGLE FAMILY,5+,0,0,(408) 245-6710,vivien.shepherd@gmail.com,Y,Y,Y,Y,Y,Y,NONE,N,N,Keep default.,4000,Keep default,1000,100000,N,250,#41369727,2015-10-07 11:18:06,$10.83,Thomas Truong,"Milpitas, CA",haoran
Renters,95051,Aiden,Mccoy,07/31/1988,m,101 Saratoga Ave,Santa Clara,CA,N,RENTED HOUSE - SINGLE FAMILY,5+,0,0,(866) 894-6343,elijah.nichols@gmail.com,Y,Y,Y,Y,Y,Y,NONE,N,N,Keep default.,4000,Keep default,1000,100000,N,250,#86418762,2015-10-07 11:18:06,$10.83,Sammy Lee,"San Jose, CA",haoran
Renters,95050,Theodore,Walters,05/06/1989,m,1599 Warburton Ave,Santa Clara,CA,N,RENTED HOUSE - SINGLE FAMILY,5+,0,0,(888) 270-6855,jakob.cox@gmail.com,Y,Y,Y,Y,Y,Y,NONE,N,N,Keep default.,4000,Keep default,1000,100000,N,250,#67223343,2015-10-07 11:18:06,$10.83,Orlando Nunes,"Santa Clara, CA",haoran
Renters,94536,Atticus,James,02/04/1989,f,38660 Hastings St  109,Fremont,CA,N,RENTED HOUSE - SINGLE FAMILY,5+,0,0,(415) 474-1750,elizabeth.swanson@gmail.com,Y,Y,Y,Y,Y,Y,NONE,N,N,Keep default.,4000,Keep default,1000,100000,N,250,#24820516,2015-10-07 11:18:06,$14.72,Gurcharan Mann,"Fremont, CA",haoran
Renters,94085,Arya,Maldonado,11/18/1989,m,330 N Mathilda Ave,Sunnyvale,CA,N,RENTED HOUSE - SINGLE FAMILY,5+,0,0,(650) 488-4047,oliver.floyd@gmail.com,Y,Y,Y,Y,Y,Y,NONE,N,N,Keep default.,4000,Keep default,1000,100000,N,250,#64869977,2015-10-07 11:18:06,$10.83,Mary Formico Barnard,"San Jose, CA",haoran
Renters,94025,Ezra,Sutton,02/04/1989,f,350 Sharon Park Dr,Menlo Park,CA,N,RENTED HOUSE - SINGLE FAMILY,5+,0,0,(408) 923-3200,clara.kirby@gmail.com,Y,Y,Y,Y,Y,Y,NONE,N,N,Keep default.,4000,Keep default,1000,100000,N,250,#08816138,2015-10-07 11:18:06,$14.32,Lyle Althoff,"Oxnard, CA",haoran
Renters,94538,Keira,Mendez,03/03/1988,m,39600 Fremont Blvd,Fremont,CA,N,RENTED HOUSE - SINGLE FAMILY,5+,0,0,(650) 345-5406,vivien.shepherd@gmail.com,Y,Y,Y,Y,Y,Y,NONE,N,N,Keep default.,4000,Keep default,1000,100000,N,250,#09332102,2015-10-07 11:18:06,$14.72,Vernon Williams,"Dublin, CA",haoran
Renters,94085,Aiden,Carson,03/03/1988,f,355 N Wolfe Rd,Sunnyvale,CA,N,RENTED HOUSE - SINGLE FAMILY,5+,0,0,(415) 749-0101,clara.kirby@gmail.com,Y,Y,Y,Y,Y,Y,NONE,N,N,Keep default.,4000,Keep default,1000,100000,N,250,#07331798,2015-10-07 11:18:06,$10.83,Jeffery Sundquist,"San Jose, CA",haoran
Renters,95054,Landon,Davidson,07/31/1988,f,1600 Nantucket Cir,Santa Clara,CA,N,RENTED HOUSE - SINGLE FAMILY,5+,0,0,(858) 565-9081,jude.neal@gmail.com,Y,Y,Y,Y,Y,Y,NONE,N,N,Keep default.,4000,Keep default,1000,100000,N,250,#69346002,2015-10-07 11:18:06,$10.83,Tony Stoll,"San Jose, CA",haoran
Renters,94544,Zoe,Robertson,05/06/1989,m,605 Orchard Ave,Hayward,CA,N,RENTED HOUSE - SINGLE FAMILY,5+,0,0,(619) 231-9600,jude.neal@gmail.com,Y,Y,Y,Y,Y,Y,NONE,N,N,Keep default.,4000,Keep default,1000,100000,N,250,#90126856,2015-10-07 11:18:06,$14.72,Michael Boffy,"Soquel, CA",haoran
Renters,95050,Hadley,Warren,04/05/1990,m,444 Saratoga Ave,Santa Clara,CA,N,RENTED HOUSE - SINGLE FAMILY,5+,0,0,(888) 271-6704,oliver.floyd@gmail.com,Y,Y,Y,Y,Y,Y,NONE,N,N,Keep default.,4000,Keep default,1000,100000,N,250,#39834673,2015-10-07 11:18:06,$10.83,CALVIN COLEMAN INS AGCY INC,"Salt Lake Cty, UT",haoran
Renters,94086,William,Lucas,03/08/1990,f,201 W California Ave,Sunnyvale,CA,N,RENTED HOUSE - SINGLE FAMILY,5+,0,0,(619) 463-1116,clara.kirby@gmail.com,Y,Y,Y,Y,Y,Y,NONE,N,N,Keep default.,4000,Keep default,1000,100000,N,250,#34758145,2015-10-07 11:18:06,$10.83,Reet Singh,"Concord, CA",haoran
Renters,94553,Eleanor,Short,03/03/1988,f,486 Morello Ave,Martinez,CA,N,RENTED HOUSE - SINGLE FAMILY,5+,0,0,(408) 988-7500,jude.neal@gmail.com,Y,Y,Y,Y,Y,Y,NONE,N,N,Keep default.,4000,Keep default,1000,100000,N,250,#61951953,2015-10-07 11:18:06,$18.34,John Hannum,"Lafayette, CA",haoran
Renters,94544,Elliot,Vasquez,05/06/1989,m,575 Berry Ave,Hayward,CA,N,RENTED HOUSE - SINGLE FAMILY,5+,0,0,(858) 678-0550,clara.kirby@gmail.com,Y,Y,Y,Y,Y,Y,NONE,N,N,Keep default.,4000,Keep default,1000,100000,N,250,#16298744,2015-10-07 11:18:06,$14.72,TERESA CHAN,"San Lorenzo, CA",haoran
Renters,95008,Grayson,Serrano,07/31/1988,m,1630 W Campbell Ave,Campbell,CA,N,RENTED HOUSE - SINGLE FAMILY,5+,0,0,(408) 733-3049,anabel.patton@gmail.com,Y,Y,Y,Y,Y,Y,NONE,N,N,Keep default.,4000,Keep default,1000,100000,N,250,#22298102,2015-10-07 11:18:06,$12.80,Mike Zhao,"Campbell, CA",haoran
Renters,94403,Lydia,Gutierrez,02/04/1989,f,203 Laurie Meadows Dr,San Mateo,CA,N,RENTED HOUSE - SINGLE FAMILY,5+,0,0,(408) 441-7600,jakob.cox@gmail.com,Y,Y,Y,Y,Y,Y,NONE,N,N,Keep default.,4000,Keep default,1000,100000,N,250,#06215057,2015-10-07 11:18:06,$15.69,Richard Jerkovich,"Belmont, CA",haoran
Renters,94553,August,Keller,06/06/1986,f,900 Roanoke Dr,Martinez,CA,N,RENTED HOUSE - SINGLE FAMILY,5+,0,0,(619) 284-5285,elijah.nichols@gmail.com,Y,Y,Y,Y,Y,Y,NONE,N,N,Keep default.,4000,Keep default,1000,100000,N,250,#59482272,2015-10-07 11:18:06,$18.34,Anthony Mangiameli,"San Jose, CA",haoran
Renters,94578,Nathaniel,Weiss,03/27/1987,f,4170 Springlake Dr,San Leandro,CA,N,RENTED HOUSE - SINGLE FAMILY,5+,0,0,(925) 284-2586,vivien.shepherd@gmail.com,Y,Y,Y,Y,Y,Y,NONE,N,N,Keep default.,4000,Keep default,1000,100000,N,250,#87570475,2015-10-07 11:18:06,$14.72,Diane Hatcher,"Castro Valley, CA",haoran
Renters,94112,Sadie,Lamb,02/04/1989,f,1200 Ocean Ave,San Francisco,CA,N,RENTED HOUSE - SINGLE FAMILY,5+,0,0,(408) 946-2955,elizabeth.swanson@gmail.com,Y,Y,Y,Y,Y,Y,NONE,N,N,Keep default.,4000,Keep default,1000,100000,N,250,#60945741,2015-10-07 11:18:06,$17.26,David Arguello,"San Francisco, CA",haoran
Renters,94403,Elliott,Zimmerman,02/04/1989,m,3055 La Selva,San Mateo,CA,N,RENTED HOUSE - SINGLE FAMILY,5+,0,0,(415) 491-1125,norah.alvarado@gmail.com,Y,Y,Y,Y,Y,Y,NONE,N,N,Keep default.,4000,Keep default,1000,100000,N,250,#98675726,2015-10-07 11:18:06,$15.69,Stephen Dunbar,"San Mateo, CA",haoran
Renters,94087,Ezra,Dennis,03/03/1988,m,1032 W Remington Dr,Sunnyvale,CA,N,RENTED HOUSE - SINGLE FAMILY,5+,0,0,(619) 427-0190,clara.kirby@gmail.com,Y,Y,Y,Y,Y,Y,NONE,N,N,Keep default.,4000,Keep default,1000,100000,N,250,#65367118,2015-10-07 11:18:06,$10.83,John Williams,"San Jose, CA",haoran
Renters,94132,Griffin,Welch,11/12/1990,m,2633 Ocean Ave,San Francisco,CA,N,RENTED HOUSE - SINGLE FAMILY,5+,0,0,(408) 216-8947,clara.kirby@gmail.com,Y,Y,Y,Y,Y,Y,NONE,N,N,Keep default.,4000,Keep default,1000,100000,N,250,#87653577,2015-10-07 11:18:06,$19.47,Eric Chu,"San Francisco, CA",haoran
Renters,94304,Carter,Avila,05/06/1989,f,1600 Sand Hill Rd,Palo Alto,CA,N,RENTED HOUSE - SINGLE FAMILY,5+,0,0,(650) 528-2128,clara.kirby@gmail.com,Y,Y,Y,Y,Y,Y,NONE,N,N,Keep default.,4000,Keep default,1000,100000,N,250,#37064731,2015-10-07 11:18:06,$10.83,Abdallah Lama,"Palo Alto, CA",haoran
Renters,94080,Jack,Morton,12/1/1988,f,852 Antoinette Ln,South San Francisco,CA,N,RENTED HOUSE - SINGLE FAMILY,5+,0,0,(408) 445-5211,oliver.floyd@gmail.com,Y,Y,Y,Y,Y,Y,NONE,N,N,Keep default.,4000,Keep default,1000,100000,N,250,#64639331,2015-10-07 11:18:06,$11.48,Brian Seto,"South San Francisco, CA",haoran
Renters,94404,Emma,Rowe,07/31/1988,f,900 E Hillsdale Blvd,Foster City,CA,N,RENTED HOUSE - SINGLE FAMILY,5+,0,0,(408) 297-4675,jude.neal@gmail.com,Y,Y,Y,Y,Y,Y,NONE,N,N,Keep default.,4000,Keep default,1000,100000,N,250,#96073766,2015-10-07 11:18:06,$15.69,Philippos Gratsinopoulos,"Millbrae, CA",haoran
Renters,94404,James,Hartman,03/27/1987,f,777 Shell Blvd,Foster City,CA,N,RENTED HOUSE - SINGLE FAMILY,5+,0,0,(866) 251-7152,clara.kirby@gmail.com,Y,Y,Y,Y,Y,Y,NONE,N,N,Keep default.,4000,Keep default,1000,100000,N,250,#11306954,2015-10-07 11:18:06,$15.69,James Cavagnaro,"Foster City, CA",haoran
Renters,95014,Arabella,Phillips,07/31/1988,m,5608 Stevens Creek Blvd,Cupertino,CA,N,RENTED HOUSE - SINGLE FAMILY,5+,0,0,(415) 883-9600,norah.alvarado@gmail.com,Y,Y,Y,Y,Y,Y,NONE,N,N,Keep default.,4000,Keep default,1000,100000,N,250,#20998272,2015-10-07 11:18:06,$10.83,David Kelly,"Sacramento, CA",haoran
Renters,94549,Paige,Lyons,05/06/1989,m,1076 Carol Ln,Lafayette,CA,N,RENTED HOUSE - SINGLE FAMILY,5+,0,0,(925) 228-0760,jude.neal@gmail.com,Y,Y,Y,Y,Y,Y,NONE,N,N,Keep default.,4000,Keep default,1000,100000,N,250,#54405657,2015-10-07 11:18:06,$18.34,Eitan Davora,"Walnut Creek, CA",haoran
Renters,95014,Cora,Miller,07/31/1988,f,20800 Homestead Rd,Cupertino,CA,N,RENTED HOUSE - SINGLE FAMILY,5+,0,0,(619) 583-8084,vivien.shepherd@gmail.com,Y,Y,Y,Y,Y,Y,NONE,N,N,Keep default.,4000,Keep default,1000,100000,N,250,#99444665,2015-10-07 11:18:06,$10.83,Chiu Ling Lin,"San Jose, CA",haoran
Renters,94044,Penelope,Vega,11/18/1989,m,380 Esplanade Ave,Pacifica,CA,N,RENTED HOUSE - SINGLE FAMILY,5+,0,0,(855) 641-0159,aidan.briggs@gmail.com,Y,Y,Y,Y,Y,Y,NONE,N,N,Keep default.,4000,Keep default,1000,100000,N,250,#24281116,2015-10-07 11:18:06,$11.48,Corrin Trowbridge,"San Bruno, CA",haoran
Renters,94404,Scarlet,Richards,03/03/1988,m,700 Marlin Ave,Foster City,CA,N,RENTED HOUSE - SINGLE FAMILY,5+,0,0,(415) 957-5887,elizabeth.swanson@gmail.com,Y,Y,Y,Y,Y,Y,NONE,N,N,Keep default.,4000,Keep default,1000,100000,N,250,#32061940,2015-10-07 11:18:06,$15.69,David Flaig,"San Mateo, CA",haoran
Renters,94014,Elliot,Schwartz,11/12/1990,m,415 A St 101,Daly City,CA,N,RENTED HOUSE - SINGLE FAMILY,5+,0,0,(831) 373-1025,clara.kirby@gmail.com,Y,Y,Y,Y,Y,Y,NONE,N,N,Keep default.,4000,Keep default,1000,100000,N,250,#93787866,2015-10-07 11:18:06,$11.48,Joy Cai,"Daly City, CA",haoran
Renters,94080,Tessa,Skinner,04/05/1990,m,101 McLellan Drive,South San Francisco,CA,N,RENTED HOUSE - SINGLE FAMILY,5+,0,0,(650) 755-3872,clara.kirby@gmail.com,Y,Y,Y,Y,Y,Y,NONE,N,N,Keep default.,4000,Keep default,1000,100000,N,250,#12863406,2015-10-07 11:18:06,$11.48,John Helfrich,"South San Francisco, CA",haoran
Renters,95054,Gabriel,Lewis,06/06/1986,m,4500 Carlyle Ct,Santa Clara,CA,N,RENTED HOUSE - SINGLE FAMILY,5+,0,0,(866) 270-9902,norah.alvarado@gmail.com,Y,Y,Y,Y,Y,Y,NONE,N,N,Keep default.,4000,Keep default,1000,100000,N,250,#03489375,2015-10-07 11:18:06,$10.83,Jazmin Guizar,"Santa Clara, CA",haoran
Renters,94040,Michael,Cummings,11/12/1990,m,575 S Rengstorff Ave,Mountain View,CA,N,RENTED HOUSE - SINGLE FAMILY,5+,0,0,(415) 474-0333,aidan.briggs@gmail.com,Y,Y,Y,Y,Y,Y,NONE,N,N,Keep default.,4000,Keep default,1000,100000,N,250,#31581653,2015-10-07 11:18:06,$10.83,Alex Wong,"Montebello, CA",haoran
Renters,94065,Zachary,Gross,06/06/1986,f,850 Davit Ln,Redwood City,CA,N,RENTED HOUSE - SINGLE FAMILY,5+,0,0,(408) 227-3700,aidan.briggs@gmail.com,Y,Y,Y,Y,Y,Y,NONE,N,N,Keep default.,4000,Keep default,1000,100000,N,250,#75185072,2015-10-07 11:18:06,$15.69,Ken Tso,"San Mateo, CA",haoran
Renters,94582,Eliot,Wright,04/05/1990,f,2000 Shoreline Cir,San Ramon,CA,N,RENTED HOUSE - SINGLE FAMILY,5+,0,0,(858) 666-2423,jude.neal@gmail.com,Y,Y,Y,Y,Y,Y,NONE,N,N,Keep default.,4000,Keep default,1000,100000,N,250,#06472549,2015-10-07 11:18:06,$18.34,Kevin Cheng,"San Ramon, CA",haoran
Renters,95054,Jonah,Bridges,12/1/1988,m,550 Moreland Way,Santa Clara,CA,N,RENTED HOUSE - SINGLE FAMILY,5+,0,0,(415) 673-7545,norah.alvarado@gmail.com,Y,Y,Y,Y,Y,Y,NONE,N,N,Keep default.,4000,Keep default,1000,100000,N,250,#45724876,2015-10-07 11:18:06,$10.83,Stephen Larson,"Sacramento, CA",haoran
Renters,94401,Cole,Wilkins,12/1/1988,m,250 Baldwin Ave,San Mateo,CA,N,RENTED HOUSE - SINGLE FAMILY,5+,0,0,(415) 777-4850,jakob.cox@gmail.com,Y,Y,Y,Y,Y,Y,NONE,N,N,Keep default.,4000,Keep default,1000,100000,N,250,#21953909,2015-10-07 11:18:06,$15.69,Adel Hassan,"Burlingame, CA",haoran
Renters,94065,Lily,Miles,11/12/1990,f,950 Redwood Shores Pkwy,Redwood City,CA,N,RENTED HOUSE - SINGLE FAMILY,5+,0,0,(408) 297-4675,anabel.patton@gmail.com,Y,Y,Y,Y,Y,Y,NONE,N,N,Keep default.,4000,Keep default,1000,100000,N,250,#70374832,2015-10-07 11:18:06,$15.69,Mark Landis,"Redwood City, CA",haoran
Renters,94403,Benjamin,Webb,03/27/1987,f,3204 Casa De Campo Way,San Mateo,CA,N,RENTED HOUSE - SINGLE FAMILY,5+,0,0,(866) 894-6343,vivien.shepherd@gmail.com,Y,Y,Y,Y,Y,Y,NONE,N,N,Keep default.,4000,Keep default,1000,100000,N,250,#38383475,2015-10-07 11:18:06,$15.69,Jennifer Spriggs,"Fremont, CA",haoran
Renters,94404,Nora,Fischer,11/18/1989,m,1060 Foster City Blvd,Foster City,CA,N,RENTED HOUSE - SINGLE FAMILY,5+,0,0,(415) 885-0333,vivien.shepherd@gmail.com,Y,Y,Y,Y,Y,Y,NONE,N,N,Keep default.,4000,Keep default,1000,100000,N,250,#58198917,2015-10-07 11:18:06,$15.69,Gary Neely,"Foster City, CA",haoran
Renters,94404,Gemma,Kirby,12/1/1988,f,1987 Bridgepointe Cir,San Mateo,CA,N,RENTED HOUSE - SINGLE FAMILY,5+,0,0,(855) 254-9912,anabel.patton@gmail.com,Y,Y,Y,Y,Y,Y,NONE,N,N,Keep default.,4000,Keep default,1000,100000,N,250,#53726347,2015-10-07 11:18:06,$15.69,Nirmal Singh,"Burlingame, CA",haoran
Renters,94404,Parker,Perkins,07/31/1988,f,1200 E Hillsdale Blvd,Foster City,CA,N,RENTED HOUSE - SINGLE FAMILY,5+,0,0,(925) 452-7910,elizabeth.swanson@gmail.com,Y,Y,Y,Y,Y,Y,NONE,N,N,Keep default.,4000,Keep default,1000,100000,N,250,#23467063,2015-10-07 11:18:06,$15.69,Patrick Cayabyab,"Daly City, CA",haoran
Renters,94002,Gabriel,Wagner,07/31/1988,f,200 Davey Glen Rd,Belmont,CA,N,RENTED HOUSE - SINGLE FAMILY,5+,0,0,(619) 280-5383,jude.neal@gmail.com,Y,Y,Y,Y,Y,Y,NONE,N,N,Keep default.,4000,Keep default,1000,100000,N,250,#48509142,2015-10-07 11:18:06,$15.69,Jyotisen Mody,"Milpitas, CA",haoran
Renters,94002,Sophia,Watts,12/1/1988,f,1060 Continentals Way,Belmont,CA,N,RENTED HOUSE - SINGLE FAMILY,5+,0,0,(408) 255-6750,anabel.patton@gmail.com,Y,Y,Y,Y,Y,Y,NONE,N,N,Keep default.,4000,Keep default,1000,100000,N,250,#73341488,2015-10-07 11:18:06,$15.69,Scott Lechman,"Walnut Creek, CA",haoran
Renters,94401,Chase,Morton,11/18/1989,m,338 S Fremont St,San Mateo,CA,N,RENTED HOUSE - SINGLE FAMILY,5+,0,0,(408) 549-1209,jakob.cox@gmail.com,Y,Y,Y,Y,Y,Y,NONE,N,N,Keep default.,4000,Keep default,1000,100000,N,250,#88503700,2015-10-07 11:18:06,$15.69,Dennis Collins,"San Mateo, CA",haoran
Renters,94010,Ruby,Brady,06/06/1986,f,1080 Carolan Ave,Burlingame,CA,N,RENTED HOUSE - SINGLE FAMILY,5+,0,0,(650) 997-0670,vivien.shepherd@gmail.com,Y,Y,Y,Y,Y,Y,NONE,N,N,Keep default.,4000,Keep default,1000,100000,N,250,#11355030,2015-10-07 11:18:06,$11.48,Pamela Spikes,"Oakland, CA",haoran
Renters,94404,Aden,Willis,03/08/1990,f,703 Catamaran St,Foster City,CA,N,RENTED HOUSE - SINGLE FAMILY,5+,0,0,(707) 361-4060,jakob.cox@gmail.com,Y,Y,Y,Y,Y,Y,NONE,N,N,Keep default.,4000,Keep default,1000,100000,N,250,#45596635,2015-10-07 11:18:06,$15.69,Tina Jang,"Millbrae, CA",haoran
Renters,94086,Wyatt,Kelley,03/27/1987,m,180 Pasito Terrace,Sunnyvale,CA,N,RENTED HOUSE - SINGLE FAMILY,5+,0,0,(831) 585-1628,norah.alvarado@gmail.com,Y,Y,Y,Y,Y,Y,NONE,N,N,Keep default.,4000,Keep default,1000,100000,N,250,#44390403,2015-10-07 11:18:06,$10.83,Jazmin Guizar,"Santa Clara, CA",haoran
Renters,94061,Dominick,Hodges,11/12/1990,m,707 Leahy St,Redwood City,CA,N,RENTED HOUSE - SINGLE FAMILY,5+,0,0,(866) 849-2126,jakob.cox@gmail.com,Y,Y,Y,Y,Y,Y,NONE,N,N,Keep default.,4000,Keep default,1000,100000,N,250,#51312217,2015-10-07 11:18:06,$11.04,Francisco Zepeda,"San Francisco, CA",haoran
Renters,94301,Archer,Blair,07/31/1988,f,459 Hamilton Ave,Palo Alto,CA,N,RENTED HOUSE - SINGLE FAMILY,5+,0,0,(415) 552-9443,elizabeth.swanson@gmail.com,Y,Y,Y,Y,Y,Y,NONE,N,N,Keep default.,4000,Keep default,1000,100000,N,250,#86731543,2015-10-07 11:18:06,$10.83,Jason Schram,"Palo Alto, CA",haoran
Renters,92108,Elizabeth,Carroll,11/18/1989,f,6304 Rancho Mission Rd,San Diego,CA,N,RENTED HOUSE - SINGLE FAMILY,5+,0,0,(415) 440-1155,elijah.nichols@gmail.com,Y,Y,Y,Y,Y,Y,NONE,N,N,Keep default.,4000,Keep default,1000,100000,N,250,#06285211,2015-10-07 11:18:06,$22.19,Joaquin Lopez,"San Diego, CA",haoran
Renters,92122,Penelope,Ayala,06/06/1986,f,5280 Fiore Terrace,San Diego,CA,N,RENTED HOUSE - SINGLE FAMILY,5+,0,0,(408) 732-9450,anabel.patton@gmail.com,Y,Y,Y,Y,Y,Y,NONE,N,N,Keep default.,4000,Keep default,1000,100000,N,250,#75024748,2015-10-07 11:18:06,$22.19,Kelly Hamilton,"San Diego, CA",haoran
Renters,91942,Layla,Lee,03/27/1987,m,5679 Amaya Dr,La Mesa,CA,N,RENTED HOUSE - SINGLE FAMILY,5+,0,0,(415) 459-2900,elijah.nichols@gmail.com,Y,Y,Y,Y,Y,Y,NONE,N,N,Keep default.,4000,Keep default,1000,100000,N,250,#19615861,2015-10-07 11:18:06,$20.05,Maureen Moran,"La Mesa, CA",haoran
Renters,92122,Lucie,Hayes,06/06/1986,f,5305 Toscana Way,San Diego,CA,N,RENTED HOUSE - SINGLE FAMILY,5+,0,0,(831) 585-1628,aidan.briggs@gmail.com,Y,Y,Y,Y,Y,Y,NONE,N,N,Keep default.,4000,Keep default,1000,100000,N,250,#68491723,2015-10-07 11:18:06,$22.19,George Wen,"San Diego, CA",haoran
Renters,92115,Seth,Mullins,04/05/1990,f,6595 Montezuma Rd,San Diego,CA,N,RENTED HOUSE - SINGLE FAMILY,5+,0,0,(858) 271-4151,elizabeth.swanson@gmail.com,Y,Y,Y,Y,Y,Y,NONE,N,N,Keep default.,4000,Keep default,1000,100000,N,250,#24736249,2015-10-07 11:18:06,$23.63,Jeff Senigaglia,"San Jose, CA",haoran
Renters,91910,Dylan,Murray,02/04/1989,m,67 E Flower St,Chula Vista,CA,N,RENTED HOUSE - SINGLE FAMILY,5+,0,0,(415) 354-4506,oliver.floyd@gmail.com,Y,Y,Y,Y,Y,Y,NONE,N,N,Keep default.,4000,Keep default,1000,100000,N,250,#26397547,2015-10-07 11:18:06,$20.05,Guadalupe Green,"Chula Vista, CA",haoran
Renters,92040,Ian,Massey,12/1/1988,f,10112 Ashwood St,Lakeside,CA,N,RENTED HOUSE - SINGLE FAMILY,5+,0,0,(408) 733-9095,norah.alvarado@gmail.com,Y,Y,Y,Y,Y,Y,NONE,N,N,Keep default.,4000,Keep default,1000,100000,N,250,#72354235,2015-10-07 11:18:06,$22.83,Cesar Sterling,"La Mesa, CA",haoran
Renters,92122,Chloe,Juarez,03/08/1990,f,3417 Lebon Dr,San Diego,CA,N,RENTED HOUSE - SINGLE FAMILY,5+,0,0,(925) 686-1761,aidan.briggs@gmail.com,Y,Y,Y,Y,Y,Y,NONE,N,N,Keep default.,4000,Keep default,1000,100000,N,250,#06219566,2015-10-07 11:18:06,$22.19,Kirk Miller,"San Diego, CA",haoran
Renters,92115,Emma,Burke,11/12/1990,m,4424 44th St,San Diego,CA,N,RENTED HOUSE - SINGLE FAMILY,5+,0,0,(415) 749-0101,elijah.nichols@gmail.com,Y,Y,Y,Y,Y,Y,NONE,N,N,Keep default.,4000,Keep default,1000,100000,N,250,#91392646,2015-10-07 11:18:06,$23.63,Jeff Koches,"San Diego, CA",haoran
Renters,92139,Vivian,Mclaughlin,03/08/1990,m,7844 Paradise Valley Rd,San Diego,CA,N,RENTED HOUSE - SINGLE FAMILY,5+,0,0,(707) 766-6881,clara.kirby@gmail.com,Y,Y,Y,Y,Y,Y,NONE,N,N,Keep default.,4000,Keep default,1000,100000,N,250,#53626294,2015-10-07 11:18:06,$23.63,Frank Ehbrecht,"San Diego, CA",haoran
Renters,92123,Kole,Newman,11/18/1989,f,2420 Cardinal Dr,San Diego,CA,N,RENTED HOUSE - SINGLE FAMILY,5+,0,0,(408) 287-3444,jakob.cox@gmail.com,Y,Y,Y,Y,Y,Y,NONE,N,N,Keep default.,4000,Keep default,1000,100000,N,250,#31702931,2015-10-07 11:18:06,$22.19,James Williams,"San Diego, CA",haoran
Renters,92115,Owen,Russell,05/06/1989,m,4850 Talmadge Park Row,San Diego,CA,N,RENTED HOUSE - SINGLE FAMILY,5+,0,0,(877) 713-3956,aidan.briggs@gmail.com,Y,Y,Y,Y,Y,Y,NONE,N,N,Keep default.,4000,Keep default,1000,100000,N,250,#75261180,2015-10-07 11:18:06,$23.63,Timothy Haviland,"Carlsbad, CA",haoran
Renters,92126,Madelynn,Reese,06/06/1986,m,9505 Gold Coast Dr,San Diego,CA,N,RENTED HOUSE - SINGLE FAMILY,5+,0,0,(408) 570-5010,vivien.shepherd@gmail.com,Y,Y,Y,Y,Y,Y,NONE,N,N,Keep default.,4000,Keep default,1000,100000,N,250,#61343957,2015-10-07 11:18:06,$21.94,Jovan Solaja,"Los Angeles, CA",haoran
Renters,92122,Sophia,Reese,04/05/1990,m,7681 Palmilla Dr,San Diego,CA,N,RENTED HOUSE - SINGLE FAMILY,5+,0,0,(650) 389-9367,elijah.nichols@gmail.com,Y,Y,Y,Y,Y,Y,NONE,N,N,Keep default.,4000,Keep default,1000,100000,N,250,#51385070,2015-10-07 11:18:06,$22.19,Ryan Beebe,"San Diego, CA",haoran
Renters,92071,Ariana,Coleman,11/18/1989,m,10445 Mast Blvd,Santee,CA,N,RENTED HOUSE - SINGLE FAMILY,5+,0,0,(415) 359-1333,elizabeth.swanson@gmail.com,Y,Y,Y,Y,Y,Y,NONE,N,N,Keep default.,4000,Keep default,1000,100000,N,250,#73689840,2015-10-07 11:18:06,$20.05,Roger Hertel,"La Mesa, CA",haoran
Renters,92108,Harper,Frazier,05/06/1989,m,8685 Rio San Diego Dr,San Diego,CA,N,RENTED HOUSE - SINGLE FAMILY,5+,0,0,(408) 586-9001,clara.kirby@gmail.com,Y,Y,Y,Y,Y,Y,NONE,N,N,Keep default.,4000,Keep default,1000,100000,N,250,#10164749,2015-10-07 11:18:06,$22.19,Dean Ford,"Fresno, CA",haoran
Renters,91913,Leah,Ramos,07/31/1988,m,1250 Santa Cora Ave,Chula Vista,CA,N,RENTED HOUSE - SINGLE FAMILY,5+,0,0,(408) 378-7188,elijah.nichols@gmail.com,Y,Y,Y,Y,Y,Y,NONE,N,N,Keep default.,4000,Keep default,1000,100000,N,250,#01365100,2015-10-07 11:18:06,$23.18,Erik Motsenbocker,"San Diego, CA",haoran
Renters,92029,Rhys,Dixon,11/12/1990,f,910 Del Dios Hwy,Escondido,CA,N,RENTED HOUSE - SINGLE FAMILY,5+,0,0,(408) 737-2900,vivien.shepherd@gmail.com,Y,Y,Y,Y,Y,Y,NONE,N,N,Keep default.,4000,Keep default,1000,100000,N,250,#89646860,2015-10-07 11:18:06,$23.48,Fred Hight,"El Cajon, CA",haoran
Renters,92040,Josiah,Sparks,04/05/1990,m,12001 Woodside Ave,Lakeside,CA,N,RENTED HOUSE - SINGLE FAMILY,5+,0,0,(408) 980-0502,jakob.cox@gmail.com,Y,Y,Y,Y,Y,Y,NONE,N,N,Keep default.,4000,Keep default,1000,100000,N,250,#60135130,2015-10-07 11:18:06,$22.83,Joseph Schneerson,"Los Angeles, CA",haoran
Renters,92119,Fiona,Long,02/04/1989,f,6575 Jaffe Ct,San Diego,CA,N,RENTED HOUSE - SINGLE FAMILY,5+,0,0,(408) 354-8910,oliver.floyd@gmail.com,Y,Y,Y,Y,Y,Y,NONE,N,N,Keep default.,4000,Keep default,1000,100000,N,250,#74272938,2015-10-07 11:18:06,$22.19,Naomi Kleitsch,"San Diego, CA",haoran
Renters,92027,Alice,Hogan,03/08/1990,m,1501 E Grand Ave,Escondido,CA,N,RENTED HOUSE - SINGLE FAMILY,5+,0,0,(650) 381-9788,oliver.floyd@gmail.com,Y,Y,Y,Y,Y,Y,NONE,N,N,Keep default.,4000,Keep default,1000,100000,N,250,#67205286,2015-10-07 11:18:06,$23.48,Kirk Miller,"San Diego, CA",haoran
Renters,92101,Elijah,Brady,11/12/1990,m,1007 5th Ave,San Diego,CA,N,RENTED HOUSE - SINGLE FAMILY,5+,0,0,(858) 666-2423,oliver.floyd@gmail.com,Y,Y,Y,Y,Y,Y,NONE,N,N,Keep default.,4000,Keep default,1000,100000,N,250,#84876966,2015-10-07 11:18:06,$23.63,Taylor Swoy,"San Diego, CA",haoran
Renters,91942,Vivienne,Pierce,06/06/1986,f,7576 Parkway Dr,La Mesa,CA,N,RENTED HOUSE - SINGLE FAMILY,5+,0,0,(650) 991-0777,oliver.floyd@gmail.com,Y,Y,Y,Y,Y,Y,NONE,N,N,Keep default.,4000,Keep default,1000,100000,N,250,#11415071,2015-10-07 11:18:06,$20.05,Lawrence Chen,"La Mesa, CA",haoran
Renters,92111,Jane,Wolf,04/05/1990,m,7575 Linda Vista Rd,San Diego,CA,N,RENTED HOUSE - SINGLE FAMILY,5+,0,0,(760) 208-2785,elijah.nichols@gmail.com,Y,Y,Y,Y,Y,Y,NONE,N,N,Keep default.,4000,Keep default,1000,100000,N,250,#06598892,2015-10-07 11:18:06,$22.19,Pat Moore,"San Diego, CA",haoran
Renters,92120,Juliette,Larson,03/03/1988,f,4555 Vandever Ave,San Diego,CA,N,RENTED HOUSE - SINGLE FAMILY,5+,0,0,(415) 440-0550,elijah.nichols@gmail.com,Y,Y,Y,Y,Y,Y,NONE,N,N,Keep default.,4000,Keep default,1000,100000,N,250,#54969816,2015-10-07 11:18:06,$23.63,Sumood Hayawi,"San Diego, CA",haoran
Renters,91941,Sawyer,Chambers,11/12/1990,m,4300 Echo Ct,La Mesa,CA,N,RENTED HOUSE - SINGLE FAMILY,5+,0,0,(415) 255-2288,aidan.briggs@gmail.com,Y,Y,Y,Y,Y,Y,NONE,N,N,Keep default.,4000,Keep default,1000,100000,N,250,#12513058,2015-10-07 11:18:06,$20.05,Rick Villarino,"San Diego, CA",haoran
Renters,92123,Madeline,Pratt,05/06/1989,f,3455 Kearny Villa Rd,San Diego,CA,N,RENTED HOUSE - SINGLE FAMILY,5+,0,0,(831) 585-1628,elijah.nichols@gmail.com,Y,Y,Y,Y,Y,Y,NONE,N,N,Keep default.,4000,Keep default,1000,100000,N,250,#77259292,2015-10-07 11:18:06,$22.19,Darlene John,"San Diego, CA",haoran
Renters,92101,Evangeline,Dominguez,02/04/1989,m,1670 Kettner Blvd Ste 2,San Diego,CA,N,RENTED HOUSE - SINGLE FAMILY,5+,0,0,(510) 222-8623,elizabeth.swanson@gmail.com,Y,Y,Y,Y,Y,Y,NONE,N,N,Keep default.,4000,Keep default,1000,100000,N,250,#45980463,2015-10-07 11:18:06,$23.63,David Moore,"San Diego, CA",haoran
Renters,92120,Conor,Vazquez,03/03/1988,m,5320 Adobe Falls Rd,San Diego,CA,N,RENTED HOUSE - SINGLE FAMILY,5+,0,0,(408) 733-2306,clara.kirby@gmail.com,Y,Y,Y,Y,Y,Y,NONE,N,N,Keep default.,4000,Keep default,1000,100000,N,250,#80659452,2015-10-07 11:18:06,$23.63,Theresa Simes,"Fountain Valley, CA",haoran
Renters,92071,Everly,Massey,12/1/1988,f,10122 Buena Vista Ave,Santee,CA,N,RENTED HOUSE - SINGLE FAMILY,5+,0,0,(888) 482-3584,aidan.briggs@gmail.com,Y,Y,Y,Y,Y,Y,NONE,N,N,Keep default.,4000,Keep default,1000,100000,N,250,#68371238,2015-10-07 11:18:06,$20.05,Angelita Sandoval,"San Diego, CA",haoran
Renters,92040,Jonah,Webster,03/27/1987,f,12002 Wintercrest Dr,Lakeside,CA,N,RENTED HOUSE - SINGLE FAMILY,5+,0,0,(408) 216-8945,aidan.briggs@gmail.com,Y,Y,Y,Y,Y,Y,NONE,N,N,Keep default.,4000,Keep default,1000,100000,N,250,#60383324,2015-10-07 11:18:06,$22.83,Marie Garcia,"San Diego, CA",haoran
Renters,92123,Zackery,Robinson,02/04/1989,f,9072 Gramercy Dr,San Diego,CA,N,RENTED HOUSE - SINGLE FAMILY,5+,0,0,(760) 489-9272,elijah.nichols@gmail.com,Y,Y,Y,Y,Y,Y,NONE,N,N,Keep default.,4000,Keep default,1000,100000,N,250,#58430219,2015-10-07 11:18:06,$22.19,Maral Poochigian,"San Diego, CA",haoran
Renters,92122,Penelope,Newton,02/04/1989,m,7039 Charmant Dr,San Diego,CA,N,RENTED HOUSE - SINGLE FAMILY,5+,0,0,(650) 216-6886,elizabeth.swanson@gmail.com,Y,Y,Y,Y,Y,Y,NONE,N,N,Keep default.,4000,Keep default,1000,100000,N,250,#66439000,2015-10-07 11:18:06,$22.19,Pete Williams,"San Diego, CA",haoran
Renters,92117,Aria,French,03/27/1987,m,5150 Balboa Arms Dr,San Diego,CA,N,RENTED HOUSE - SINGLE FAMILY,5+,0,0,(415) 957-5887,clara.kirby@gmail.com,Y,Y,Y,Y,Y,Y,NONE,N,N,Keep default.,4000,Keep default,1000,100000,N,250,#34066405,2015-10-07 11:18:06,$22.19,Ahmad Chiha,"Canoga Park, CA",haoran
Renters,92126,Dillon,Doyle,03/03/1988,m,10201 Camino Ruiz,San Diego,CA,N,RENTED HOUSE - SINGLE FAMILY,5+,0,0,(888) 830-9456,clara.kirby@gmail.com,Y,Y,Y,Y,Y,Y,NONE,N,N,Keep default.,4000,Keep default,1000,100000,N,250,#65266309,2015-10-07 11:18:06,$21.94,Steven Smith,"San Diego, CA",haoran
Renters,92078,Madelynn,Young,04/05/1990,f,601 S Twin Oaks Valley Rd,San Marcos,CA,N,RENTED HOUSE - SINGLE FAMILY,5+,0,0,(858) 565-9081,norah.alvarado@gmail.com,Y,Y,Y,Y,Y,Y,NONE,N,N,Keep default.,4000,Keep default,1000,100000,N,250,#47497933,2015-10-07 11:18:06,$21.94,Ruben Villanueva,"Temecula, CA",haoran
Renters,92122,Nathaniel,Wheeler,04/05/1990,f,3950 Mahaila Ave,San Diego,CA,N,RENTED HOUSE - SINGLE FAMILY,5+,0,0,(415) 505-2504,vivien.shepherd@gmail.com,Y,Y,Y,Y,Y,Y,NONE,N,N,Keep default.,4000,Keep default,1000,100000,N,250,#76841807,2015-10-07 11:18:06,$22.19,Deborah Colman,"Rancho Palos Verdes, CA",haoran
Renters,92109,Ivy,Daniels,05/06/1989,m,3883 Ingraham St,San Diego,CA,N,RENTED HOUSE - SINGLE FAMILY,5+,0,0,(415) 781-9000,jude.neal@gmail.com,Y,Y,Y,Y,Y,Y,NONE,N,N,Keep default.,4000,Keep default,1000,100000,N,250,#24534485,2015-10-07 11:18:06,$22.19,Annette Crutchfield,"San Diego, CA",haoran
Renters,92115,Juliette,Vargas,04/05/1990,m,5504 Montezuma Rd,San Diego,CA,N,RENTED HOUSE - SINGLE FAMILY,5+,0,0,(858) 571-0104,jude.neal@gmail.com,Y,Y,Y,Y,Y,Y,NONE,N,N,Keep default.,4000,Keep default,1000,100000,N,250,#49765706,2015-10-07 11:18:06,$23.63,Ernest Dillard,"El Dorado Hills, CA",haoran
Renters,92126,Luke,Chandler,03/08/1990,f,11102 Caminito Alvarez,San Diego,CA,N,RENTED HOUSE - SINGLE FAMILY,5+,0,0,(408) 227-3700,vivien.shepherd@gmail.com,Y,Y,Y,Y,Y,Y,NONE,N,N,Keep default.,4000,Keep default,1000,100000,N,250,#59785508,2015-10-07 11:18:06,$21.94,Jose Paz,"Auburn, CA",haoran
Renters,92122,Emilia,Vaughn,11/18/1989,m,8465 Regents Rd,San Diego,CA,N,RENTED HOUSE - SINGLE FAMILY,5+,0,0,(415) 445-6530,jude.neal@gmail.com,Y,Y,Y,Y,Y,Y,NONE,N,N,Keep default.,4000,Keep default,1000,100000,N,250,#01271563,2015-10-07 11:18:06,$22.19,Nigel Mallett,"La Jolla, CA",haoran
Renters,92128,Adelaide,Schwartz,03/03/1988,f,11820 Paseo Lucido,San Diego,CA,N,RENTED HOUSE - SINGLE FAMILY,5+,0,0,(510) 793-2535,elijah.nichols@gmail.com,Y,Y,Y,Y,Y,Y,NONE,N,N,Keep default.,4000,Keep default,1000,100000,N,250,#07521929,2015-10-07 11:18:06,$21.94,Hal Wilson,"San Diego, CA",haoran
Renters,92064,Max,Barton,11/18/1989,m,12556 Oak Knoll Rd,Poway,CA,N,RENTED HOUSE - SINGLE FAMILY,5+,0,0,(925) 228-0760,oliver.floyd@gmail.com,Y,Y,Y,Y,Y,Y,NONE,N,N,Keep default.,4000,Keep default,1000,100000,N,250,#44663014,2015-10-07 11:18:06,$21.94,Douglas Dixon,"San Diego, CA",haoran
Renters,92126,Jacob,Parsons,03/08/1990,m,7194 Schilling Ave,San Diego,CA,N,RENTED HOUSE - SINGLE FAMILY,5+,0,0,(650) 341-6700,norah.alvarado@gmail.com,Y,Y,Y,Y,Y,Y,NONE,N,N,Keep default.,4000,Keep default,1000,100000,N,250,#31814014,2015-10-07 11:18:06,$21.94,Wilson Y.K. Yeem,"San Diego, CA",haoran
Renters,91978,Isla,Hubbard,03/08/1990,m,3115 Sweetwater Springs Blvd,Spring Valley,CA,N,RENTED HOUSE - SINGLE FAMILY,5+,0,0,(408) 245-6710,jude.neal@gmail.com,Y,Y,Y,Y,Y,Y,NONE,N,N,Keep default.,4000,Keep default,1000,100000,N,250,#16129707,2015-10-07 11:18:06,$23.18,Robert Hillard,"San Diego, CA",haoran
Renters,91977,Anabel,Elliott,03/27/1987,m,3903 Conrad Dr,Spring Valley,CA,N,RENTED HOUSE - SINGLE FAMILY,5+,0,0,(408) 998-2012,oliver.floyd@gmail.com,Y,Y,Y,Y,Y,Y,NONE,N,N,Keep default.,4000,Keep default,1000,100000,N,250,#63435443,2015-10-07 11:18:06,$20.05,Michael McNutt,"Escondido, CA",haoran
Renters,92021,Anna,Frazier,03/08/1990,f,532 Broadway,El Cajon,CA,N,RENTED HOUSE - SINGLE FAMILY,5+,0,0,(510) 540-5454,jakob.cox@gmail.com,Y,Y,Y,Y,Y,Y,NONE,N,N,Keep default.,4000,Keep default,1000,100000,N,250,#88009410,2015-10-07 11:18:06,$20.05,Gregory Hutt,"San Diego, CA",haoran
Renters,91910,Violet,Delgado,12/1/1988,m,561 Mc Intosh St,Chula Vista,CA,N,RENTED HOUSE - SINGLE FAMILY,5+,0,0,(831) 449-1800,vivien.shepherd@gmail.com,Y,Y,Y,Y,Y,Y,NONE,N,N,Keep default.,4000,Keep default,1000,100000,N,250,#30529297,2015-10-07 11:18:06,$20.05,Julio Vega,"Chula Vista, CA",haoran
Renters,92081,Sophie,Ray,03/03/1988,f,1982 Wellington Ln,Vista,CA,N,RENTED HOUSE - SINGLE FAMILY,5+,0,0,(415) 308-7225,clara.kirby@gmail.com,Y,Y,Y,Y,Y,Y,NONE,N,N,Keep default.,4000,Keep default,1000,100000,N,250,#31810634,2015-10-07 11:18:06,$21.94,Shu Chu,"Pomona, CA",haoran
Renters,92108,Elijah,Rojas,05/06/1989,m,2265 River Run Dr,San Diego,CA,N,RENTED HOUSE - SINGLE FAMILY,5+,0,0,(415) 445-6530,anabel.patton@gmail.com,Y,Y,Y,Y,Y,Y,NONE,N,N,Keep default.,4000,Keep default,1000,100000,N,250,#63357580,2015-10-07 11:18:06,$22.19,Scott Field,"San Diego, CA",haoran
Renters,92101,Rider,Roth,03/03/1988,m,900 F St,San Diego,CA,N,RENTED HOUSE - SINGLE FAMILY,5+,0,0,(408) 216-8945,norah.alvarado@gmail.com,Y,Y,Y,Y,Y,Y,NONE,N,N,Keep default.,4000,Keep default,1000,100000,N,250,#83098182,2015-10-07 11:18:06,$23.63,Marcio Santos,"San Diego, CA",haoran
Renters,92008,Elliott,Moss,11/18/1989,f,2715 Carlsbad Blvd,Carlsbad,CA,N,RENTED HOUSE - SINGLE FAMILY,5+,0,0,(707) 781-1993,jakob.cox@gmail.com,Y,Y,Y,Y,Y,Y,NONE,N,N,Keep default.,4000,Keep default,1000,100000,N,250,#46153431,2015-10-07 11:18:06,$21.94,Mitchell Willett,"Carlsbad, CA",haoran
Renters,91914,Elsa,Figueroa,02/04/1989,f,861 Anchorage Pl,Chula Vista,CA,N,RENTED HOUSE - SINGLE FAMILY,5+,0,0,(510) 222-8623,jude.neal@gmail.com,Y,Y,Y,Y,Y,Y,NONE,N,N,Keep default.,4000,Keep default,1000,100000,N,250,#71795285,2015-10-07 11:18:06,$23.18,Michael Abdou,"San Diego, CA",haoran
Renters,92120,Kira,Luna,03/27/1987,m,6398 Del Cerro Blvd 8,San Diego,CA,N,RENTED HOUSE - SINGLE FAMILY,5+,0,0,(831) 458-5042,anabel.patton@gmail.com,Y,Y,Y,Y,Y,Y,NONE,N,N,Keep default.,4000,Keep default,1000,100000,N,250,#60029671,2015-10-07 11:18:06,$23.63,Naomi Kleitsch,"San Diego, CA",haoran
Renters,92101,Zackery,Blair,11/12/1990,m,1455 Kettner Blvd,San Diego,CA,N,RENTED HOUSE - SINGLE FAMILY,5+,0,0,(707) 544-1400,aidan.briggs@gmail.com,Y,Y,Y,Y,Y,Y,NONE,N,N,Keep default.,4000,Keep default,1000,100000,N,250,#68254545,2015-10-07 11:18:06,$23.63,Bryan Nunke,"San Diego, CA",haoran
Renters,92056,Fiona,Yates,07/31/1988,f,3500 Windrift Way,Oceanside,CA,N,RENTED HOUSE - SINGLE FAMILY,5+,0,0,(925) 943-7977,vivien.shepherd@gmail.com,Y,Y,Y,Y,Y,Y,NONE,N,N,Keep default.,4000,Keep default,1000,100000,N,250,#66720948,2015-10-07 11:18:06,$21.94,Alexander El Tanany,"Lake Forest, CA",haoran
Renters,92122,Scarlet,Ochoa,11/12/1990,m,8720 Costa Verde Blvd,San Diego,CA,N,RENTED HOUSE - SINGLE FAMILY,5+,0,0,(510) 841-2760,vivien.shepherd@gmail.com,Y,Y,Y,Y,Y,Y,NONE,N,N,Keep default.,4000,Keep default,1000,100000,N,250,#20150363,2015-10-07 11:18:06,$22.19,Sumood Hayawi,"San Diego, CA",haoran
Renters,92101,Elias,Potter,02/04/1989,m,600 Front St,San Diego,CA,N,RENTED HOUSE - SINGLE FAMILY,5+,0,0,(415) 495-4119,jude.neal@gmail.com,Y,Y,Y,Y,Y,Y,NONE,N,N,Keep default.,4000,Keep default,1000,100000,N,250,#62482301,2015-10-07 11:18:06,$23.63,Jay Adkins,"San Diego, CA",haoran
Renters,92021,Ana,Guerrero,05/06/1989,f,989 Peach Ave,El Cajon,CA,N,RENTED HOUSE - SINGLE FAMILY,5+,0,0,(831) 476-8897,norah.alvarado@gmail.com,Y,Y,Y,Y,Y,Y,NONE,N,N,Keep default.,4000,Keep default,1000,100000,N,250,#62251551,2015-10-07 11:18:06,$20.05,Terry Snow,"Poway, CA",haoran
Renters,92064,Clare,Walsh,03/03/1988,m,12330 9th St,Poway,CA,N,RENTED HOUSE - SINGLE FAMILY,5+,0,0,(415) 474-1750,clara.kirby@gmail.com,Y,Y,Y,Y,Y,Y,NONE,N,N,Keep default.,4000,Keep default,1000,100000,N,250,#67692469,2015-10-07 11:18:06,$21.94,Cathy Peterson,"Poway, CA",haoran
Renters,95134,Hunter,Acosta,03/08/1990,m,345 Village Center Dr,San Jose,CA,N,RENTED HOUSE - SINGLE FAMILY,5+,0,0,(408) 664-2724,anabel.patton@gmail.com,Y,Y,Y,Y,Y,Y,NONE,N,N,Keep default.,4000,Keep default,1000,100000,N,250,#76138400,2015-10-07 11:18:06,$10.83,Jessica Lim,"Santa Clara, CA",haoran
Renters,95008,Adeline,Hammond,11/18/1989,m,2275 S Bascom Ave,Campbell,CA,N,RENTED HOUSE - SINGLE FAMILY,5+,0,0,(415) 474-5494,clara.kirby@gmail.com,Y,Y,Y,Y,Y,Y,NONE,N,N,Keep default.,4000,Keep default,1000,100000,N,250,#46936279,2015-10-07 11:18:06,$12.80,Thu Nguyen,"San Jose, CA",haoran
Renters,94301,Naomi,Berry,06/06/1986,m,501 Forest Ave,Palo Alto,CA,N,RENTED HOUSE - SINGLE FAMILY,5+,0,0,(831) 384-7159,jakob.cox@gmail.com,Y,Y,Y,Y,Y,Y,NONE,N,N,Keep default.,4000,Keep default,1000,100000,N,250,#42625818,2015-10-07 11:18:06,$10.83,Narasimha Betini,"Palo Alto, CA",haoran
Renters,94040,Emmett,Lowe,07/31/1988,m,234 Escuela Ave,Mountain View,CA,N,RENTED HOUSE - SINGLE FAMILY,5+,0,0,(415) 474-5333,elijah.nichols@gmail.com,Y,Y,Y,Y,Y,Y,NONE,N,N,Keep default.,4000,Keep default,1000,100000,N,250,#79560050,2015-10-07 11:18:06,$10.83,Jianhong Zhou,"Fremont, CA",haoran
Renters,94041,Reece,Mueller,03/08/1990,f,151 Calderon Ave,Mountain View,CA,N,RENTED HOUSE - SINGLE FAMILY,5+,0,0,(408) 971-9397,elizabeth.swanson@gmail.com,Y,Y,Y,Y,Y,Y,NONE,N,N,Keep default.,4000,Keep default,1000,100000,N,250,#88992970,2015-10-07 11:18:06,$10.83,Lili Li,"Sunnyvale, CA",haoran
Renters,94086,Lincoln,Diaz,05/06/1989,f,825 E Evelyn Ave,Sunnyvale,CA,N,RENTED HOUSE - SINGLE FAMILY,5+,0,0,(415) 307-1871,oliver.floyd@gmail.com,Y,Y,Y,Y,Y,Y,NONE,N,N,Keep default.,4000,Keep default,1000,100000,N,250,#47629463,2015-10-07 11:18:06,$10.83,Mark Rizzo,"San Jose, CA",haoran
Renters,95054,Violet,Brewer,07/31/1988,m,502 Mansion Park Dr,Santa Clara,CA,N,RENTED HOUSE - SINGLE FAMILY,5+,0,0,(603) 571-6274,clara.kirby@gmail.com,Y,Y,Y,Y,Y,Y,NONE,N,N,Keep default.,4000,Keep default,1000,100000,N,250,#84658117,2015-10-07 11:18:06,$10.83,Jun Kim,"San Jose, CA",haoran
Renters,94062,Alexander,Perry,04/05/1990,m,1212 Whipple Ave,Redwood City,CA,N,RENTED HOUSE - SINGLE FAMILY,5+,0,0,(619) 582-4074,norah.alvarado@gmail.com,Y,Y,Y,Y,Y,Y,NONE,N,N,Keep default.,4000,Keep default,1000,100000,N,250,#19123611,2015-10-07 11:18:06,$11.04,Charlie Porter,"Menlo Park, CA",haoran
Renters,95134,Everly,Thompson,07/31/1988,f,4343 Renaissance Dr,San Jose,CA,N,RENTED HOUSE - SINGLE FAMILY,5+,0,0,(925) 452-7910,norah.alvarado@gmail.com,Y,Y,Y,Y,Y,Y,NONE,N,N,Keep default.,4000,Keep default,1000,100000,N,250,#81399875,2015-10-07 11:18:06,$10.83,Jack Gilbert,"San Jose, CA",haoran
Renters,95134,Clara,Moore,03/27/1987,f,150 Alicante Dr,San Jose,CA,N,RENTED HOUSE - SINGLE FAMILY,5+,0,0,(619) 216-8884,jakob.cox@gmail.com,Y,Y,Y,Y,Y,Y,NONE,N,N,Keep default.,4000,Keep default,1000,100000,N,250,#22036881,2015-10-07 11:18:06,$10.83,Michael Short,"San Jose, CA",haoran
Renters,94043,Leila,Hines,03/27/1987,f,100 N Whisman Rd,Mountain View,CA,N,RENTED HOUSE - SINGLE FAMILY,5+,0,0,(619) 281-4006,anabel.patton@gmail.com,Y,Y,Y,Y,Y,Y,NONE,N,N,Keep default.,4000,Keep default,1000,100000,N,250,#49421721,2015-10-07 11:18:06,$10.83,Dennis Fulfer,"Citrus Heights, CA",haoran
Renters,95054,Dylan,Tucker,12/1/1988,m,730 Agnew Rd,Santa Clara,CA,N,RENTED HOUSE - SINGLE FAMILY,5+,0,0,(415) 642-8440,elizabeth.swanson@gmail.com,Y,Y,Y,Y,Y,Y,NONE,N,N,Keep default.,4000,Keep default,1000,100000,N,250,#03866826,2015-10-07 11:18:06,$10.83,Kevin Fitzpatrick,"Sunnyvale, CA",haoran
Renters,94086,Michael,Silva,03/08/1990,m,243 Buena Vista Ave,Sunnyvale,CA,N,RENTED HOUSE - SINGLE FAMILY,5+,0,0,(707) 584-0655,vivien.shepherd@gmail.com,Y,Y,Y,Y,Y,Y,NONE,N,N,Keep default.,4000,Keep default,1000,100000,N,250,#04892926,2015-10-07 11:18:06,$10.83,Jason Schram,"Palo Alto, CA",haoran
Renters,95035,Fynn,Park,03/27/1987,f,755 E Capitol Ave,Milpitas,CA,N,RENTED HOUSE - SINGLE FAMILY,5+,0,0,(602) 427-2752,clara.kirby@gmail.com,Y,Y,Y,Y,Y,Y,NONE,N,N,Keep default.,4000,Keep default,1000,100000,N,250,#08850896,2015-10-07 11:18:06,$10.83,Rudy Buitrago,"San Jose, CA",haoran
Renters,94063,Gabriella,Mills,05/06/1989,m,1553 El Camino Real,Redwood City,CA,N,RENTED HOUSE - SINGLE FAMILY,5+,0,0,(408) 733-4733,jude.neal@gmail.com,Y,Y,Y,Y,Y,Y,NONE,N,N,Keep default.,4000,Keep default,1000,100000,N,250,#09013463,2015-10-07 11:18:06,$11.04,Emilia Liu,"Palo Alto, CA",haoran
Renters,94086,Jacob,Coleman,07/31/1988,m,355 E Evelyn Ave,Sunnyvale,CA,N,RENTED HOUSE - SINGLE FAMILY,5+,0,0,(858) 457-5161,anabel.patton@gmail.com,Y,Y,Y,Y,Y,Y,NONE,N,N,Keep default.,4000,Keep default,1000,100000,N,250,#53175536,2015-10-07 11:18:06,$10.83,Fareh Khalid,"Sunnyvale, CA",haoran
Renters,94086,Seth,Burnett,11/12/1990,f,555 E Washington Ave,Sunnyvale,CA,N,RENTED HOUSE - SINGLE FAMILY,5+,0,0,(650) 288-4227,norah.alvarado@gmail.com,Y,Y,Y,Y,Y,Y,NONE,N,N,Keep default.,4000,Keep default,1000,100000,N,250,#89376689,2015-10-07 11:18:06,$10.83,Jianhong Zhou,"Fremont, CA",haoran
Renters,95051,Abigail,Moss,07/31/1988,f,3500 Granada Ave,Santa Clara,CA,N,RENTED HOUSE - SINGLE FAMILY,5+,0,0,(415) 924-1196,anabel.patton@gmail.com,Y,Y,Y,Y,Y,Y,NONE,N,N,Keep default.,4000,Keep default,1000,100000,N,250,#23119696,2015-10-07 11:18:06,$10.83,James Miao,"San Leandro, CA",haoran
Renters,94043,Lilly,Patrick,05/06/1989,f,505 Central Ave,Mountain View,CA,N,RENTED HOUSE - SINGLE FAMILY,5+,0,0,(925) 686-1761,elizabeth.swanson@gmail.com,Y,Y,Y,Y,Y,Y,NONE,N,N,Keep default.,4000,Keep default,1000,100000,N,250,#34025098,2015-10-07 11:18:06,$10.83,Atulya Yogeshwar,"Sunnyvale, CA",haoran
Renters,94086,Clare,Hawkins,07/31/1988,m,655 S Fair Oaks Ave,Sunnyvale,CA,N,RENTED HOUSE - SINGLE FAMILY,5+,0,0,(415) 440-1155,aidan.briggs@gmail.com,Y,Y,Y,Y,Y,Y,NONE,N,N,Keep default.,4000,Keep default,1000,100000,N,250,#63101949,2015-10-07 11:18:06,$10.83,Andrew Chavez,"Los Angeles, CA",haoran
Renters,94025,Tessa,Nicholson,07/31/1988,m,600 Sharon Park Dr,Menlo Park,CA,N,RENTED HOUSE - SINGLE FAMILY,5+,0,0,(415) 673-7545,norah.alvarado@gmail.com,Y,Y,Y,Y,Y,Y,NONE,N,N,Keep default.,4000,Keep default,1000,100000,N,250,#34968355,2015-10-07 11:18:06,$14.32,Andrew Sinclair,"Danville, CA",haoran
Renters,94087,Savanna,Alexander,03/03/1988,m,575 E Remington Dr,Sunnyvale,CA,N,RENTED HOUSE - SINGLE FAMILY,5+,0,0,(408) 445-5211,oliver.floyd@gmail.com,Y,Y,Y,Y,Y,Y,NONE,N,N,Keep default.,4000,Keep default,1000,100000,N,250,#50459608,2015-10-07 11:18:06,$10.83,Kyle Chuang,"San Jose, CA",haoran
Renters,94304,Gabriel,Meyer,05/06/1989,f,700 Clark Way,Palo Alto,CA,N,RENTED HOUSE - SINGLE FAMILY,5+,0,0,(619) 281-4006,elijah.nichols@gmail.com,Y,Y,Y,Y,Y,Y,NONE,N,N,Keep default.,4000,Keep default,1000,100000,N,250,#05700039,2015-10-07 11:18:06,$10.83,John Kikes,"Danville, CA",haoran
Renters,94041,Eliana,Obrien,03/27/1987,m,1600 Villa St,Mountain View,CA,N,RENTED HOUSE - SINGLE FAMILY,5+,0,0,(855) 254-9912,aidan.briggs@gmail.com,Y,Y,Y,Y,Y,Y,NONE,N,N,Keep default.,4000,Keep default,1000,100000,N,250,#17482043,2015-10-07 11:18:06,$10.83,Jianhong Zhou,"Fremont, CA",haoran
Renters,95112,Emily,Salazar,11/12/1990,m,1700 N 1st St,San Jose,CA,N,RENTED HOUSE - SINGLE FAMILY,5+,0,0,(707) 644-3322,jude.neal@gmail.com,Y,Y,Y,Y,Y,Y,NONE,N,N,Keep default.,4000,Keep default,1000,100000,N,250,#95607595,2015-10-07 11:18:06,$11.33,Timothy Shannon,"Pasadena, CA",haoran
Renters,94089,Milo,Oconnor,11/18/1989,m,1235 Wildwood Ave,Sunnyvale,CA,N,RENTED HOUSE - SINGLE FAMILY,5+,0,0,(415) 922-0111,norah.alvarado@gmail.com,Y,Y,Y,Y,Y,Y,NONE,N,N,Keep default.,4000,Keep default,1000,100000,N,250,#71067913,2015-10-07 11:18:06,$10.83,Anthony Mangiameli,"San Jose, CA",haoran
Renters,95014,Lukas,Rios,12/1/1988,m,19608 Pruneridge Ave,Cupertino,CA,N,RENTED HOUSE - SINGLE FAMILY,5+,0,0,(650) 288-4227,vivien.shepherd@gmail.com,Y,Y,Y,Y,Y,Y,NONE,N,N,Keep default.,4000,Keep default,1000,100000,N,250,#56861044,2015-10-07 11:18:06,$10.83,Robert Herzog,"Pleasanton, CA",haoran
Renters,94087,Arianna,Chen,03/08/1990,m,1575 Tenaka Pl,Sunnyvale,CA,N,RENTED HOUSE - SINGLE FAMILY,5+,0,0,(415) 647-6922,jude.neal@gmail.com,Y,Y,Y,Y,Y,Y,NONE,N,N,Keep default.,4000,Keep default,1000,100000,N,250,#33110583,2015-10-07 11:18:06,$10.83,Jeff Senigaglia,"San Jose, CA",haoran
