Insurance Type,Zip code,First name,Last name,Date of birth,Gender,Address,City,State,Auto insurance coverage?,Property Type,# units,# unrelated roommates,roommate names,# property losses in last 3 years,Phone number,Email address,Fire Sprinkler System?,Central Fire & Burglar Alarm?,Local Fire / Smoke Alarm?,Home Security?,Non Smoking Household?,Local Burglar Alarm?,Unusual hazards?,Dogs that bite?,Run a business from home?,Start date,Personal property worth,Loss of use,Medical payments,Personal liability,Farmers Identity Protection,Deductible
Renters,94110,Reece,Ford,03/03/1988,m,3469 18th St,San Francisco,CA,N,RENTED HOUSE - SINGLE FAMILY,1,0,,0,(415) 989-1111,ana.webster@gmail.com,N,N,N,N,Y,N,NONE,N,N,Keep default.,4000,Keep default,1000,100000,N,100
Renters,94109,Natalie,Mckenzie,06/06/1986,f,952 Sutter St,San Francisco,CA,N,RENTED HOUSE - SINGLE FAMILY,1,0,,0,(650) 344-2510,eden.chen@outlook.com,N,N,N,N,Y,N,NONE,N,N,Keep default.,4000,Keep default,1000,100000,N,100
Renters,94704,Connor,Parsons,07/31/1988,f,2020 Kittredge St,Berkeley,CA,N,RENTED HOUSE - SINGLE FAMILY,1,0,,0,(415) 334-2698,alexandra.guerrero@aol.com,N,N,N,N,Y,N,NONE,N,N,Keep default.,4000,Keep default,1000,100000,N,100
Renters,94117,Josephine,Buchanan,05/06/1989,f,783 Buena Vista Ave W,San Francisco,CA,N,RENTED HOUSE - SINGLE FAMILY,1,0,,0,(415) 445-6530,lilly.hayes@aol.com,N,N,N,N,Y,N,NONE,N,N,Keep default.,4000,Keep default,1000,100000,N,100
Renters,94542,Rhys,Gray,02/04/1989,f,25200 Carlos Bee Blvd,Hayward,CA,N,RENTED HOUSE - SINGLE FAMILY,1,0,,0,(408) 570-5040,eden.chen@outlook.com,N,N,N,N,Y,N,NONE,N,N,Keep default.,4000,Keep default,1000,100000,N,100
Renters,94114,Silas,Freeman,12/1/1988,f,3904 17th St,San Francisco,CA,N,RENTED HOUSE - SINGLE FAMILY,1,0,,0,(415) 885-0333,adrian.gilbert@outlook.com,N,N,N,N,Y,N,NONE,N,N,Keep default.,4000,Keep default,1000,100000,N,100
Renters,94501,Joseph,Valdez,03/08/1990,m,564 Central Ave,Alameda,CA,N,RENTED HOUSE - SINGLE FAMILY,1,0,,0,(650) 952-3727,ian.schwartz@aol.com,N,N,N,N,Y,N,NONE,N,N,Keep default.,4000,Keep default,1000,100000,N,100
Renters,94107,Alexandra,Porter,03/03/1988,f,3 Bayside Village Pl,San Francisco,CA,N,RENTED HOUSE - SINGLE FAMILY,1,0,,0,(650) 216-6886,ana.webster@gmail.com,N,N,N,N,Y,N,NONE,N,N,Keep default.,4000,Keep default,1000,100000,N,100
Renters,94803,Michael,Ortiz,12/1/1988,f,3535 El Portal Dr,El Sobrante,CA,N,RENTED HOUSE - SINGLE FAMILY,1,0,,0,(877) 745-9314,savannah.silva@aol.com,N,N,N,N,Y,N,NONE,N,N,Keep default.,4000,Keep default,1000,100000,N,100
Renters,94105,Rose,Jones,07/31/1988,m,680 Mission St,San Francisco,CA,N,RENTED HOUSE - SINGLE FAMILY,1,0,,0,(510) 887-8185,lilly.hayes@aol.com,N,N,N,N,Y,N,NONE,N,N,Keep default.,4000,Keep default,1000,100000,N,100
Renters,94109,Caroline,Gregory,11/18/1989,m,1100 Gough St,San Francisco,CA,N,RENTED HOUSE - SINGLE FAMILY,1,0,,0,(415) 923-6900,savannah.silva@aol.com,N,N,N,N,Y,N,NONE,N,N,Keep default.,4000,Keep default,1000,100000,N,100
Renters,94002,Gavin,Santiago,06/06/1986,m,2515 Carlmont Dr,Belmont,CA,N,RENTED HOUSE - SINGLE FAMILY,1,0,,0,(408) 377-2331,savannah.silva@aol.com,N,N,N,N,Y,N,NONE,N,N,Keep default.,4000,Keep default,1000,100000,N,100
Renters,94103,Jaxon,Steele,07/31/1988,f,1188 Mission St,San Francisco,CA,N,RENTED HOUSE - SINGLE FAMILY,1,0,,0,(415) 885-0333,alexandra.guerrero@aol.com,N,N,N,N,Y,N,NONE,N,N,Keep default.,4000,Keep default,1000,100000,N,100
Renters,94545,Griffin,Owen,03/03/1988,m,25800 Industrial Blvd.,Hayward,CA,N,RENTED HOUSE - SINGLE FAMILY,1,0,,0,(415) 474-5494,ian.schwartz@aol.com,N,N,N,N,Y,N,NONE,N,N,Keep default.,4000,Keep default,1000,100000,N,100
Renters,94107,James,Castillo,05/06/1989,m,1 St Francis Pl,San Francisco,CA,N,RENTED HOUSE - SINGLE FAMILY,1,0,,0,(415) 474-1750,adrian.gilbert@outlook.com,N,N,N,N,Y,N,NONE,N,N,Keep default.,4000,Keep default,1000,100000,N,100
Renters,94105,Hazel,Johnston,03/27/1987,m,388 Beale Street,San Francisco,CA,N,RENTED HOUSE - SINGLE FAMILY,1,0,,0,(707) 648-1900,ian.schwartz@aol.com,N,N,N,N,Y,N,NONE,N,N,Keep default.,4000,Keep default,1000,100000,N,100
Renters,94105,Scarlett,Horton,04/05/1990,m,88 Howard St,San Francisco,CA,N,RENTED HOUSE - SINGLE FAMILY,1,0,,0,(888) 270-6855,alexandra.guerrero@aol.com,N,N,N,N,Y,N,NONE,N,N,Keep default.,4000,Keep default,1000,100000,N,100
Renters,94105,Stella,Walker,03/08/1990,f,121 Spear St B18,San Francisco,CA,N,RENTED HOUSE - SINGLE FAMILY,1,0,,0,(650) 952-3727,ana.webster@gmail.com,N,N,N,N,Y,N,NONE,N,N,Keep default.,4000,Keep default,1000,100000,N,100
Renters,94109,Luke,Turner,03/27/1987,m,1609 Franklin St,San Francisco,CA,N,RENTED HOUSE - SINGLE FAMILY,1,0,,0,(408) 599-5321,william.palmer@gmail.com,N,N,N,N,Y,N,NONE,N,N,Keep default.,4000,Keep default,1000,100000,N,100
Renters,94109,Ana,Ortega,04/05/1990,f,1388 Sutter St 11,San Francisco,CA,N,RENTED HOUSE - SINGLE FAMILY,1,0,,0,(415) 885-0333,scarlett.richard@gmail.com,N,N,N,N,Y,N,NONE,N,N,Keep default.,4000,Keep default,1000,100000,N,100
Renters,94103,Ivy,Ramsey,07/31/1988,m,44 Gough St 202,San Francisco,CA,N,RENTED HOUSE - SINGLE FAMILY,1,0,,0,(925) 735-3047,adrian.gilbert@outlook.com,N,N,N,N,Y,N,NONE,N,N,Keep default.,4000,Keep default,1000,100000,N,100
Renters,94704,Evan,Martinez,04/05/1990,m,2230 Durant Ave  103,Berkeley,CA,N,RENTED HOUSE - SINGLE FAMILY,1,0,,0,(415) 421-4333,elias.cain@outlook.com,N,N,N,N,Y,N,NONE,N,N,Keep default.,4000,Keep default,1000,100000,N,100
Renters,94596,Connor,Vaughn,11/18/1989,m,1200 Newell Hill Pl,Walnut Creek,CA,N,RENTED HOUSE - SINGLE FAMILY,1,0,,0,(415) 641-8003,lilly.hayes@aol.com,N,N,N,N,Y,N,NONE,N,N,Keep default.,4000,Keep default,1000,100000,N,100
Renters,94404,Aron,Newton,03/03/1988,f,808 Comet Dr,Foster City,CA,N,RENTED HOUSE - SINGLE FAMILY,1,0,,0,(831) 585-1628,savannah.silva@aol.com,N,N,N,N,Y,N,NONE,N,N,Keep default.,4000,Keep default,1000,100000,N,100
Renters,94115,Liam,Gill,07/31/1988,f,1475 Fillmore St,San Francisco,CA,N,RENTED HOUSE - SINGLE FAMILY,1,0,,0,(858) 678-0550,elias.cain@outlook.com,N,N,N,N,Y,N,NONE,N,N,Keep default.,4000,Keep default,1000,100000,N,100
Renters,94510,Emily,Weiss,11/12/1990,m,801 Southampton Rd,Benicia,CA,N,RENTED HOUSE - SINGLE FAMILY,1,0,,0,(408) 295-1360,scarlett.richard@gmail.com,N,N,N,N,Y,N,NONE,N,N,Keep default.,4000,Keep default,1000,100000,N,100
Renters,94806,Isla,Davis,03/27/1987,f,2490 Lancaster Dr,Richmond,CA,N,RENTED HOUSE - SINGLE FAMILY,1,0,,0,(415) 956-8858,william.palmer@gmail.com,N,N,N,N,Y,N,NONE,N,N,Keep default.,4000,Keep default,1000,100000,N,100
Renters,94132,Emily,Mcdonald,12/1/1988,f,3711 19th Ave,San Francisco,CA,N,RENTED HOUSE - SINGLE FAMILY,1,0,,0,(415) 586-8940,ian.schwartz@aol.com,N,N,N,N,Y,N,NONE,N,N,Keep default.,4000,Keep default,1000,100000,N,100
Renters,94102,Hadley,Tucker,03/27/1987,f,1 Polk St,San Francisco,CA,N,RENTED HOUSE - SINGLE FAMILY,1,0,,0,(415) 459-2900,ana.webster@gmail.com,N,N,N,N,Y,N,NONE,N,N,Keep default.,4000,Keep default,1000,100000,N,100
Renters,94123,Juliette,Perez,03/08/1990,m,1550 Bay St,San Francisco,CA,N,RENTED HOUSE - SINGLE FAMILY,1,0,,0,(408) 441-7600,adrian.gilbert@outlook.com,N,N,N,N,Y,N,NONE,N,N,Keep default.,4000,Keep default,1000,100000,N,100
Renters,94109,Lucas,Buchanan,07/31/1988,f,1560 Van Ness Ave,San Francisco,CA,N,RENTED HOUSE - SINGLE FAMILY,1,0,,0,(415) 615-9200,ian.schwartz@aol.com,N,N,N,N,Y,N,NONE,N,N,Keep default.,4000,Keep default,1000,100000,N,100
Renters,94549,Nicolas,Cobb,12/1/1988,f,949 East St,Lafayette,CA,N,RENTED HOUSE - SINGLE FAMILY,1,0,,0,(888) 270-6855,elias.cain@outlook.com,N,N,N,N,Y,N,NONE,N,N,Keep default.,4000,Keep default,1000,100000,N,100
Renters,94801,Jacob,Olsen,04/05/1990,m,400 Harbour Way,Richmond,CA,N,RENTED HOUSE - SINGLE FAMILY,1,0,,0,(408) 779-8986,adrian.gilbert@outlook.com,N,N,N,N,Y,N,NONE,N,N,Keep default.,4000,Keep default,1000,100000,N,100
Renters,94109,Archer,Roberson,03/27/1987,f,888 OFarrell St,San Francisco,CA,N,RENTED HOUSE - SINGLE FAMILY,1,0,,0,(925) 943-7977,adrian.gilbert@outlook.com,N,N,N,N,Y,N,NONE,N,N,Keep default.,4000,Keep default,1000,100000,N,100
Renters,94043,Vivian,Blake,11/12/1990,m,555 W Middlefield Rd,Mountain View,CA,N,RENTED HOUSE - SINGLE FAMILY,1,0,,0,(415) 492-2180,elias.cain@outlook.com,N,N,N,N,Y,N,NONE,N,N,Keep default.,4000,Keep default,1000,100000,N,100
Renters,94158,Eliana,Manning,12/1/1988,m,355 Berry St,San Francisco,CA,N,RENTED HOUSE - SINGLE FAMILY,1,0,,0,(619) 270-5895,alexandra.guerrero@aol.com,N,N,N,N,Y,N,NONE,N,N,Keep default.,4000,Keep default,1000,100000,N,100
Renters,94103,Lilah,Mccarthy,06/06/1986,m,1045 Mission St,San Francisco,CA,N,RENTED HOUSE - SINGLE FAMILY,1,0,,0,(619) 583-8084,lilly.hayes@aol.com,N,N,N,N,Y,N,NONE,N,N,Keep default.,4000,Keep default,1000,100000,N,100
Renters,94086,Ivy,Parks,02/04/1989,m,1035 Aster Ave,Sunnyvale,CA,N,RENTED HOUSE - SINGLE FAMILY,1,0,,0,(415) 345-4400,adrian.gilbert@outlook.com,N,N,N,N,Y,N,NONE,N,N,Keep default.,4000,Keep default,1000,100000,N,100
Renters,94107,Griffin,Barrett,06/06/1986,f,255 King St,San Francisco,CA,N,RENTED HOUSE - SINGLE FAMILY,1,0,,0,(415) 282-1686,eden.chen@outlook.com,N,N,N,N,Y,N,NONE,N,N,Keep default.,4000,Keep default,1000,100000,N,100
Renters,94111,Gemma,Riley,03/03/1988,m,460 Davis Ct,San Francisco,CA,N,RENTED HOUSE - SINGLE FAMILY,1,0,,0,(650) 349-3200,adrian.gilbert@outlook.com,N,N,N,N,Y,N,NONE,N,N,Keep default.,4000,Keep default,1000,100000,N,100
Renters,94501,Grace,Wilkins,11/18/1989,m,550 Central Ave  301,Alameda,CA,N,RENTED HOUSE - SINGLE FAMILY,1,0,,0,(415) 673-1232,william.palmer@gmail.com,N,N,N,N,Y,N,NONE,N,N,Keep default.,4000,Keep default,1000,100000,N,100
Renters,94104,Anastasia,Wheeler,11/12/1990,f,690 Market St,San Francisco,CA,N,RENTED HOUSE - SINGLE FAMILY,1,0,,0,(866) 451-2806,william.palmer@gmail.com,N,N,N,N,Y,N,NONE,N,N,Keep default.,4000,Keep default,1000,100000,N,100
Renters,94108,Gemma,Gutierrez,07/31/1988,f,706 Kearny St,San Francisco,CA,N,RENTED HOUSE - SINGLE FAMILY,1,0,,0,(866) 270-9902,alexandra.guerrero@aol.com,N,N,N,N,Y,N,NONE,N,N,Keep default.,4000,Keep default,1000,100000,N,100
Renters,94066,Milo,Fischer,11/18/1989,m,3815 Susan Dr,San Bruno,CA,N,RENTED HOUSE - SINGLE FAMILY,1,0,,0,(415) 492-2180,alexandra.guerrero@aol.com,N,N,N,N,Y,N,NONE,N,N,Keep default.,4000,Keep default,1000,100000,N,100
Renters,94549,Elisabeth,Pham,03/08/1990,f,3520 Brook St,Lafayette,CA,N,RENTED HOUSE - SINGLE FAMILY,1,0,,0,(650) 583-9275,lilly.hayes@aol.com,N,N,N,N,Y,N,NONE,N,N,Keep default.,4000,Keep default,1000,100000,N,100
Renters,94108,Landon,Fitzgerald,07/31/1988,f,47 Kearny St,San Francisco,CA,N,RENTED HOUSE - SINGLE FAMILY,1,0,,0,(510) 841-2760,eden.chen@outlook.com,N,N,N,N,Y,N,NONE,N,N,Keep default.,4000,Keep default,1000,100000,N,100
Renters,94806,Josephine,Snyder,03/08/1990,m,2300 Lancaster Dr,Richmond,CA,N,RENTED HOUSE - SINGLE FAMILY,1,0,,0,(831) 384-7159,william.palmer@gmail.com,N,N,N,N,Y,N,NONE,N,N,Keep default.,4000,Keep default,1000,100000,N,100
Renters,94109,Isabella,Romero,11/18/1989,f,400 Hyde St  101,San Francisco,CA,N,RENTED HOUSE - SINGLE FAMILY,1,0,,0,(415) 505-2504,william.palmer@gmail.com,N,N,N,N,Y,N,NONE,N,N,Keep default.,4000,Keep default,1000,100000,N,100
Renters,94114,Cole,Myers,12/1/1988,f,4058 17th St,San Francisco,CA,N,RENTED HOUSE - SINGLE FAMILY,1,0,,0,(415) 658-6604,elias.cain@outlook.com,N,N,N,N,Y,N,NONE,N,N,Keep default.,4000,Keep default,1000,100000,N,100
Renters,94102,Lila,Ortega,06/06/1986,f,835 Turk St,San Francisco,CA,N,RENTED HOUSE - SINGLE FAMILY,1,0,,0,(408) 848-3474,william.palmer@gmail.com,N,N,N,N,Y,N,NONE,N,N,Keep default.,4000,Keep default,1000,100000,N,100
Renters,94133,Zachary,George,02/04/1989,m,2211 Stockton St,San Francisco,CA,N,RENTED HOUSE - SINGLE FAMILY,1,0,,0,(619) 280-5383,william.palmer@gmail.com,N,N,N,N,Y,N,NONE,N,N,Keep default.,4000,Keep default,1000,100000,N,100
Renters,94115,Rose,Flynn,03/27/1987,f,1489 Webster St  101,San Francisco,CA,N,RENTED HOUSE - SINGLE FAMILY,1,0,,0,(415) 345-1970,ana.webster@gmail.com,N,N,N,N,Y,N,NONE,N,N,Keep default.,4000,Keep default,1000,100000,N,100
Renters,94133,Isabella,Rose,06/06/1986,m,2140 Taylor St,San Francisco,CA,N,RENTED HOUSE - SINGLE FAMILY,1,0,,0,(415) 474-5333,ian.schwartz@aol.com,N,N,N,N,Y,N,NONE,N,N,Keep default.,4000,Keep default,1000,100000,N,100
Renters,94015,David,Lane,11/18/1989,m,862 Campus Dr,Daly City,CA,N,RENTED HOUSE - SINGLE FAMILY,1,0,,0,(408) 359-8979,william.palmer@gmail.com,N,N,N,N,Y,N,NONE,N,N,Keep default.,4000,Keep default,1000,100000,N,100
Renters,94107,Levi,Pham,04/05/1990,f,574 3rd St 101,San Francisco,CA,N,RENTED HOUSE - SINGLE FAMILY,1,0,,0,(408) 984-4767,adrian.gilbert@outlook.com,N,N,N,N,Y,N,NONE,N,N,Keep default.,4000,Keep default,1000,100000,N,100
Renters,94115,Sadie,Burton,12/1/1988,f,2799 California St,San Francisco,CA,N,RENTED HOUSE - SINGLE FAMILY,1,0,,0,(510) 540-5454,ana.webster@gmail.com,N,N,N,N,Y,N,NONE,N,N,Keep default.,4000,Keep default,1000,100000,N,100
Renters,94107,Clara,Schmidt,03/03/1988,m,2235 3rd St,San Francisco,CA,N,RENTED HOUSE - SINGLE FAMILY,1,0,,0,(866) 251-7152,adrian.gilbert@outlook.com,N,N,N,N,Y,N,NONE,N,N,Keep default.,4000,Keep default,1000,100000,N,100
Renters,94402,Logan,Delgado,03/03/1988,f,10 De Sabla Rd,San Mateo,CA,N,RENTED HOUSE - SINGLE FAMILY,1,0,,0,(650) 756-4588,savannah.silva@aol.com,N,N,N,N,Y,N,NONE,N,N,Keep default.,4000,Keep default,1000,100000,N,100
Renters,94520,Harper,Richardson,11/12/1990,m,1491 Detroit Ave,Concord,CA,N,RENTED HOUSE - SINGLE FAMILY,1,0,,0,(650) 991-0777,savannah.silva@aol.com,N,N,N,N,Y,N,NONE,N,N,Keep default.,4000,Keep default,1000,100000,N,100
Renters,94015,Nathaniel,Manning,03/27/1987,f,333 Park Plaza Dr,Daly City,CA,N,RENTED HOUSE - SINGLE FAMILY,1,0,,0,(408) 980-0502,eden.chen@outlook.com,N,N,N,N,Y,N,NONE,N,N,Keep default.,4000,Keep default,1000,100000,N,100
Renters,95035,Reece,Morton,04/05/1990,f,440 Dixon Landing Rd,Milpitas,CA,N,RENTED HOUSE - SINGLE FAMILY,1,0,,0,(831) 426-6855,alexandra.guerrero@aol.com,N,N,N,N,Y,N,NONE,N,N,Keep default.,4000,Keep default,1000,100000,N,100
Renters,95051,Ezra,Dean,12/1/1988,f,101 Saratoga Ave,Santa Clara,CA,N,RENTED HOUSE - SINGLE FAMILY,1,0,,0,(415) 881-5059,ian.schwartz@aol.com,N,N,N,N,Y,N,NONE,N,N,Keep default.,4000,Keep default,1000,100000,N,100
Renters,95050,Vivian,Yang,02/04/1989,f,1599 Warburton Ave,Santa Clara,CA,N,RENTED HOUSE - SINGLE FAMILY,1,0,,0,(858) 571-0104,lilly.hayes@aol.com,N,N,N,N,Y,N,NONE,N,N,Keep default.,4000,Keep default,1000,100000,N,100
Renters,94536,Kaleb,Powell,02/04/1989,f,38660 Hastings St  109,Fremont,CA,N,RENTED HOUSE - SINGLE FAMILY,1,0,,0,(858) 565-9081,eden.chen@outlook.com,N,N,N,N,Y,N,NONE,N,N,Keep default.,4000,Keep default,1000,100000,N,100
Renters,94085,Lilah,Alvarado,03/08/1990,f,330 N Mathilda Ave,Sunnyvale,CA,N,RENTED HOUSE - SINGLE FAMILY,1,0,,0,(415) 354-4501,lilly.hayes@aol.com,N,N,N,N,Y,N,NONE,N,N,Keep default.,4000,Keep default,1000,100000,N,100
Renters,94025,Isabella,Mccarthy,03/27/1987,f,350 Sharon Park Dr,Menlo Park,CA,N,RENTED HOUSE - SINGLE FAMILY,1,0,,0,(408) 733-9095,ian.schwartz@aol.com,N,N,N,N,Y,N,NONE,N,N,Keep default.,4000,Keep default,1000,100000,N,100
Renters,94085,Nolan,Padilla,11/12/1990,m,355 N Wolfe Rd,Sunnyvale,CA,N,RENTED HOUSE - SINGLE FAMILY,1,0,,0,(619) 582-4074,eden.chen@outlook.com,N,N,N,N,Y,N,NONE,N,N,Keep default.,4000,Keep default,1000,100000,N,100
Renters,94538,Connor,Johnson,03/27/1987,f,39600 Fremont Blvd,Fremont,CA,N,RENTED HOUSE - SINGLE FAMILY,1,0,,0,(619) 460-5241,eden.chen@outlook.com,N,N,N,N,Y,N,NONE,N,N,Keep default.,4000,Keep default,1000,100000,N,100
Renters,95054,Aria,Joseph,04/05/1990,m,1600 Nantucket Cir,Santa Clara,CA,N,RENTED HOUSE - SINGLE FAMILY,1,0,,0,(415) 885-3333,elias.cain@outlook.com,N,N,N,N,Y,N,NONE,N,N,Keep default.,4000,Keep default,1000,100000,N,100
Renters,94544,Everly,Yang,11/18/1989,m,605 Orchard Ave,Hayward,CA,N,RENTED HOUSE - SINGLE FAMILY,1,0,,0,(619) 233-4787,william.palmer@gmail.com,N,N,N,N,Y,N,NONE,N,N,Keep default.,4000,Keep default,1000,100000,N,100
Renters,95050,Asher,Wilson,05/06/1989,f,444 Saratoga Ave,Santa Clara,CA,N,RENTED HOUSE - SINGLE FAMILY,1,0,,0,(707) 653-5931,ian.schwartz@aol.com,N,N,N,N,Y,N,NONE,N,N,Keep default.,4000,Keep default,1000,100000,N,100
Renters,94086,Keira,Stevenson,11/12/1990,f,201 W California Ave,Sunnyvale,CA,N,RENTED HOUSE - SINGLE FAMILY,1,0,,0,(408) 565-9960,elias.cain@outlook.com,N,N,N,N,Y,N,NONE,N,N,Keep default.,4000,Keep default,1000,100000,N,100
Renters,94553,Griffin,Richard,11/18/1989,m,486 Morello Ave,Martinez,CA,N,RENTED HOUSE - SINGLE FAMILY,1,0,,0,(510) 582-5240,ian.schwartz@aol.com,N,N,N,N,Y,N,NONE,N,N,Keep default.,4000,Keep default,1000,100000,N,100
Renters,94544,Andrew,Rios,07/31/1988,m,575 Berry Ave,Hayward,CA,N,RENTED HOUSE - SINGLE FAMILY,1,0,,0,(650) 348-6130,lilly.hayes@aol.com,N,N,N,N,Y,N,NONE,N,N,Keep default.,4000,Keep default,1000,100000,N,100
Renters,95008,Cora,Guerra,03/03/1988,m,1630 W Campbell Ave,Campbell,CA,N,RENTED HOUSE - SINGLE FAMILY,1,0,,0,(408) 456-0700,ana.webster@gmail.com,N,N,N,N,Y,N,NONE,N,N,Keep default.,4000,Keep default,1000,100000,N,100
Renters,94403,Seth,Marquez,12/1/1988,m,203 Laurie Meadows Dr,San Mateo,CA,N,RENTED HOUSE - SINGLE FAMILY,1,0,,0,(408) 354-8910,ian.schwartz@aol.com,N,N,N,N,Y,N,NONE,N,N,Keep default.,4000,Keep default,1000,100000,N,100
Renters,94553,Charles,Chang,03/08/1990,m,900 Roanoke Dr,Martinez,CA,N,RENTED HOUSE - SINGLE FAMILY,1,0,,0,(415) 989-1111,eden.chen@outlook.com,N,N,N,N,Y,N,NONE,N,N,Keep default.,4000,Keep default,1000,100000,N,100
Renters,94578,Vivian,Garza,03/27/1987,m,4170 Springlake Dr,San Leandro,CA,N,RENTED HOUSE - SINGLE FAMILY,1,0,,0,(408) 570-5010,ian.schwartz@aol.com,N,N,N,N,Y,N,NONE,N,N,Keep default.,4000,Keep default,1000,100000,N,100
Renters,94112,Emily,Johnson,07/31/1988,m,1200 Ocean Ave,San Francisco,CA,N,RENTED HOUSE - SINGLE FAMILY,1,0,,0,(415) 505-2504,scarlett.richard@gmail.com,N,N,N,N,Y,N,NONE,N,N,Keep default.,4000,Keep default,1000,100000,N,100
Renters,94403,Arianna,Hopkins,03/08/1990,m,3055 La Selva,San Mateo,CA,N,RENTED HOUSE - SINGLE FAMILY,1,0,,0,(760) 208-2785,savannah.silva@aol.com,N,N,N,N,Y,N,NONE,N,N,Keep default.,4000,Keep default,1000,100000,N,100
Renters,94087,Zander,Wong,07/31/1988,f,1032 W Remington Dr,Sunnyvale,CA,N,RENTED HOUSE - SINGLE FAMILY,1,0,,0,(650) 997-0670,scarlett.richard@gmail.com,N,N,N,N,Y,N,NONE,N,N,Keep default.,4000,Keep default,1000,100000,N,100
Renters,94132,Sienna,Ramsey,02/04/1989,f,2633 Ocean Ave,San Francisco,CA,N,RENTED HOUSE - SINGLE FAMILY,1,0,,0,(619) 448-8282,eden.chen@outlook.com,N,N,N,N,Y,N,NONE,N,N,Keep default.,4000,Keep default,1000,100000,N,100
Renters,94304,Isaiah,Spencer,05/06/1989,f,1600 Sand Hill Rd,Palo Alto,CA,N,RENTED HOUSE - SINGLE FAMILY,1,0,,0,(619) 460-5241,scarlett.richard@gmail.com,N,N,N,N,Y,N,NONE,N,N,Keep default.,4000,Keep default,1000,100000,N,100
Renters,94080,Juliet,Perez,05/06/1989,f,852 Antoinette Ln,South San Francisco,CA,N,RENTED HOUSE - SINGLE FAMILY,1,0,,0,(415) 658-6604,elias.cain@outlook.com,N,N,N,N,Y,N,NONE,N,N,Keep default.,4000,Keep default,1000,100000,N,100
Renters,94404,Emmett,Quinn,06/06/1986,f,900 E Hillsdale Blvd,Foster City,CA,N,RENTED HOUSE - SINGLE FAMILY,1,0,,0,(650) 755-8133,savannah.silva@aol.com,N,N,N,N,Y,N,NONE,N,N,Keep default.,4000,Keep default,1000,100000,N,100
Renters,94404,Chase,Bowen,05/06/1989,f,777 Shell Blvd,Foster City,CA,N,RENTED HOUSE - SINGLE FAMILY,1,0,,0,(408) 779-8986,eden.chen@outlook.com,N,N,N,N,Y,N,NONE,N,N,Keep default.,4000,Keep default,1000,100000,N,100
Renters,95014,Lincoln,Clarke,03/27/1987,f,5608 Stevens Creek Blvd,Cupertino,CA,N,RENTED HOUSE - SINGLE FAMILY,1,0,,0,(415) 282-1686,alexandra.guerrero@aol.com,N,N,N,N,Y,N,NONE,N,N,Keep default.,4000,Keep default,1000,100000,N,100
Renters,94549,Ezra,Rowe,12/1/1988,f,1076 Carol Ln,Lafayette,CA,N,RENTED HOUSE - SINGLE FAMILY,1,0,,0,(415) 586-8940,savannah.silva@aol.com,N,N,N,N,Y,N,NONE,N,N,Keep default.,4000,Keep default,1000,100000,N,100
Renters,95014,Lucas,Phillips,03/08/1990,f,20800 Homestead Rd,Cupertino,CA,N,RENTED HOUSE - SINGLE FAMILY,1,0,,0,(415) 421-4333,elias.cain@outlook.com,N,N,N,N,Y,N,NONE,N,N,Keep default.,4000,Keep default,1000,100000,N,100
Renters,94044,Sebastien,Miranda,11/18/1989,f,380 Esplanade Ave,Pacifica,CA,N,RENTED HOUSE - SINGLE FAMILY,1,0,,0,(415) 981-5780,ana.webster@gmail.com,N,N,N,N,Y,N,NONE,N,N,Keep default.,4000,Keep default,1000,100000,N,100
Renters,94404,Carter,Cole,11/18/1989,m,700 Marlin Ave,Foster City,CA,N,RENTED HOUSE - SINGLE FAMILY,1,0,,0,(415) 334-1880,eden.chen@outlook.com,N,N,N,N,Y,N,NONE,N,N,Keep default.,4000,Keep default,1000,100000,N,100
Renters,94014,Jasper,Houston,03/08/1990,f,415 A St 101,Daly City,CA,N,RENTED HOUSE - SINGLE FAMILY,1,0,,0,(866) 849-2126,eden.chen@outlook.com,N,N,N,N,Y,N,NONE,N,N,Keep default.,4000,Keep default,1000,100000,N,100
Renters,94080,Eva,Park,06/06/1986,f,101 McLellan Drive,South San Francisco,CA,N,RENTED HOUSE - SINGLE FAMILY,1,0,,0,(408) 496-6300,savannah.silva@aol.com,N,N,N,N,Y,N,NONE,N,N,Keep default.,4000,Keep default,1000,100000,N,100
Renters,95054,Mila,Harrington,11/12/1990,m,4500 Carlyle Ct,Santa Clara,CA,N,RENTED HOUSE - SINGLE FAMILY,1,0,,0,(510) 494-9500,ian.schwartz@aol.com,N,N,N,N,Y,N,NONE,N,N,Keep default.,4000,Keep default,1000,100000,N,100
Renters,94040,Lucie,Adkins,11/18/1989,m,575 S Rengstorff Ave,Mountain View,CA,N,RENTED HOUSE - SINGLE FAMILY,1,0,,0,(855) 802-6683,savannah.silva@aol.com,N,N,N,N,Y,N,NONE,N,N,Keep default.,4000,Keep default,1000,100000,N,100
Renters,94065,Savanna,Neal,12/1/1988,f,850 Davit Ln,Redwood City,CA,N,RENTED HOUSE - SINGLE FAMILY,1,0,,0,(415) 956-8858,elias.cain@outlook.com,N,N,N,N,Y,N,NONE,N,N,Keep default.,4000,Keep default,1000,100000,N,100
Renters,94582,Clara,Mueller,11/12/1990,f,2000 Shoreline Cir,San Ramon,CA,N,RENTED HOUSE - SINGLE FAMILY,1,0,,0,(408) 287-3444,ana.webster@gmail.com,N,N,N,N,Y,N,NONE,N,N,Keep default.,4000,Keep default,1000,100000,N,100
Renters,95054,Mila,Little,04/05/1990,f,550 Moreland Way,Santa Clara,CA,N,RENTED HOUSE - SINGLE FAMILY,1,0,,0,(415) 285-1231,alexandra.guerrero@aol.com,N,N,N,N,Y,N,NONE,N,N,Keep default.,4000,Keep default,1000,100000,N,100
Renters,94401,Jane,Santiago,12/1/1988,m,250 Baldwin Ave,San Mateo,CA,N,RENTED HOUSE - SINGLE FAMILY,1,0,,0,(650) 994-2247,elias.cain@outlook.com,N,N,N,N,Y,N,NONE,N,N,Keep default.,4000,Keep default,1000,100000,N,100
Renters,94065,Genevieve,Fuller,04/05/1990,f,950 Redwood Shores Pkwy,Redwood City,CA,N,RENTED HOUSE - SINGLE FAMILY,1,0,,0,(707) 823-0730,elias.cain@outlook.com,N,N,N,N,Y,N,NONE,N,N,Keep default.,4000,Keep default,1000,100000,N,100
Renters,94404,Lila,Singh,03/03/1988,f,1060 Foster City Blvd,Foster City,CA,N,RENTED HOUSE - SINGLE FAMILY,1,0,,0,(888) 284-2778,ana.webster@gmail.com,N,N,N,N,Y,N,NONE,N,N,Keep default.,4000,Keep default,1000,100000,N,100
Renters,94403,Luna,Scott,04/05/1990,m,3204 Casa De Campo Way,San Mateo,CA,N,RENTED HOUSE - SINGLE FAMILY,1,0,,0,(408) 294-5333,adrian.gilbert@outlook.com,N,N,N,N,Y,N,NONE,N,N,Keep default.,4000,Keep default,1000,100000,N,100
Renters,94404,Nathan,Roman,04/05/1990,f,1987 Bridgepointe Cir,San Mateo,CA,N,RENTED HOUSE - SINGLE FAMILY,1,0,,0,(650) 440-7285,elias.cain@outlook.com,N,N,N,N,Y,N,NONE,N,N,Keep default.,4000,Keep default,1000,100000,N,100
Renters,94404,Rhys,Hanson,03/08/1990,f,1200 E Hillsdale Blvd,Foster City,CA,N,RENTED HOUSE - SINGLE FAMILY,1,0,,0,(650) 349-3200,william.palmer@gmail.com,N,N,N,N,Y,N,NONE,N,N,Keep default.,4000,Keep default,1000,100000,N,100
Renters,94002,Sophie,Calderon,11/18/1989,m,200 Davey Glen Rd,Belmont,CA,N,RENTED HOUSE - SINGLE FAMILY,1,0,,0,(415) 354-4507,ian.schwartz@aol.com,N,N,N,N,Y,N,NONE,N,N,Keep default.,4000,Keep default,1000,100000,N,100
Renters,94002,Tessa,Rodgers,05/06/1989,m,1060 Continentals Way,Belmont,CA,N,RENTED HOUSE - SINGLE FAMILY,1,0,,0,(831) 476-8897,william.palmer@gmail.com,N,N,N,N,Y,N,NONE,N,N,Keep default.,4000,Keep default,1000,100000,N,100
Renters,94401,Aron,Marsh,12/1/1988,m,338 S Fremont St,San Mateo,CA,N,RENTED HOUSE - SINGLE FAMILY,1,0,,0,(855) 365-1913,eden.chen@outlook.com,N,N,N,N,Y,N,NONE,N,N,Keep default.,4000,Keep default,1000,100000,N,100
Renters,94010,Elise,Armstrong,04/05/1990,f,1080 Carolan Ave,Burlingame,CA,N,RENTED HOUSE - SINGLE FAMILY,1,0,,0,(877) 271-1549,alexandra.guerrero@aol.com,N,N,N,N,Y,N,NONE,N,N,Keep default.,4000,Keep default,1000,100000,N,100
Renters,94404,Michael,Patton,07/31/1988,m,703 Catamaran St,Foster City,CA,N,RENTED HOUSE - SINGLE FAMILY,1,0,,0,(760) 798-2632,alexandra.guerrero@aol.com,N,N,N,N,Y,N,NONE,N,N,Keep default.,4000,Keep default,1000,100000,N,100
Renters,94086,Xander,Stone,06/06/1986,m,180 Pasito Terrace,Sunnyvale,CA,N,RENTED HOUSE - SINGLE FAMILY,1,0,,0,(877) 396-9296,alexandra.guerrero@aol.com,N,N,N,N,Y,N,NONE,N,N,Keep default.,4000,Keep default,1000,100000,N,100
Renters,94061,Emily,Jensen,03/27/1987,f,707 Leahy St,Redwood City,CA,N,RENTED HOUSE - SINGLE FAMILY,1,0,,0,(650) 528-2128,elias.cain@outlook.com,N,N,N,N,Y,N,NONE,N,N,Keep default.,4000,Keep default,1000,100000,N,100
Renters,94301,Khloe,Cobb,02/04/1989,m,459 Hamilton Ave,Palo Alto,CA,N,RENTED HOUSE - SINGLE FAMILY,1,0,,0,(415) 234-7084,lilly.hayes@aol.com,N,N,N,N,Y,N,NONE,N,N,Keep default.,4000,Keep default,1000,100000,N,100
Renters,92108,Lydia,Wall,02/04/1989,m,6304 Rancho Mission Rd,San Diego,CA,N,RENTED HOUSE - SINGLE FAMILY,1,0,,0,(619) 270-5895,scarlett.richard@gmail.com,N,N,N,N,Y,N,NONE,N,N,Keep default.,4000,Keep default,1000,100000,N,100
Renters,92122,Gavin,Gardner,03/03/1988,f,5280 Fiore Terrace,San Diego,CA,N,RENTED HOUSE - SINGLE FAMILY,1,0,,0,(408) 294-5333,william.palmer@gmail.com,N,N,N,N,Y,N,NONE,N,N,Keep default.,4000,Keep default,1000,100000,N,100
Renters,91942,Tessa,Baker,11/18/1989,f,5679 Amaya Dr,La Mesa,CA,N,RENTED HOUSE - SINGLE FAMILY,1,0,,0,(831) 469-3620,scarlett.richard@gmail.com,N,N,N,N,Y,N,NONE,N,N,Keep default.,4000,Keep default,1000,100000,N,100
Renters,92122,Emmett,Combs,12/1/1988,f,5305 Toscana Way,San Diego,CA,N,RENTED HOUSE - SINGLE FAMILY,1,0,,0,(707) 823-1361,adrian.gilbert@outlook.com,N,N,N,N,Y,N,NONE,N,N,Keep default.,4000,Keep default,1000,100000,N,100
Renters,92115,Caleb,Harrison,11/18/1989,f,6595 Montezuma Rd,San Diego,CA,N,RENTED HOUSE - SINGLE FAMILY,1,0,,0,(415) 777-4850,william.palmer@gmail.com,N,N,N,N,Y,N,NONE,N,N,Keep default.,4000,Keep default,1000,100000,N,100
Renters,91910,Chloe,Hayes,07/31/1988,f,67 E Flower St,Chula Vista,CA,N,RENTED HOUSE - SINGLE FAMILY,1,0,,0,(415) 241-0100,scarlett.richard@gmail.com,N,N,N,N,Y,N,NONE,N,N,Keep default.,4000,Keep default,1000,100000,N,100
Renters,92040,Jonah,Gonzales,03/08/1990,m,10112 Ashwood St,Lakeside,CA,N,RENTED HOUSE - SINGLE FAMILY,1,0,,0,(415) 284-9080,elias.cain@outlook.com,N,N,N,N,Y,N,NONE,N,N,Keep default.,4000,Keep default,1000,100000,N,100
Renters,92122,Daphne,Young,03/08/1990,m,3417 Lebon Dr,San Diego,CA,N,RENTED HOUSE - SINGLE FAMILY,1,0,,0,(408) 946-2955,alexandra.guerrero@aol.com,N,N,N,N,Y,N,NONE,N,N,Keep default.,4000,Keep default,1000,100000,N,100
Renters,92115,Noah,Stanley,04/05/1990,m,4424 44th St,San Diego,CA,N,RENTED HOUSE - SINGLE FAMILY,1,0,,0,(415) 781-9000,adrian.gilbert@outlook.com,N,N,N,N,Y,N,NONE,N,N,Keep default.,4000,Keep default,1000,100000,N,100
Renters,92139,Savanna,Garrett,03/03/1988,f,7844 Paradise Valley Rd,San Diego,CA,N,RENTED HOUSE - SINGLE FAMILY,1,0,,0,(408) 445-5211,adrian.gilbert@outlook.com,N,N,N,N,Y,N,NONE,N,N,Keep default.,4000,Keep default,1000,100000,N,100
Renters,92123,Ian,Becker,03/08/1990,m,2420 Cardinal Dr,San Diego,CA,N,RENTED HOUSE - SINGLE FAMILY,1,0,,0,(888) 271-6704,ana.webster@gmail.com,N,N,N,N,Y,N,NONE,N,N,Keep default.,4000,Keep default,1000,100000,N,100
Renters,92115,Kaleb,Vaughn,06/06/1986,f,4850 Talmadge Park Row,San Diego,CA,N,RENTED HOUSE - SINGLE FAMILY,1,0,,0,(415) 931-6300,ian.schwartz@aol.com,N,N,N,N,Y,N,NONE,N,N,Keep default.,4000,Keep default,1000,100000,N,100
Renters,92126,Luna,Hawkins,04/05/1990,m,9505 Gold Coast Dr,San Diego,CA,N,RENTED HOUSE - SINGLE FAMILY,1,0,,0,(408) 294-5333,ana.webster@gmail.com,N,N,N,N,Y,N,NONE,N,N,Keep default.,4000,Keep default,1000,100000,N,100
Renters,92122,Gemma,Webb,03/27/1987,m,7681 Palmilla Dr,San Diego,CA,N,RENTED HOUSE - SINGLE FAMILY,1,0,,0,(650) 994-2247,eden.chen@outlook.com,N,N,N,N,Y,N,NONE,N,N,Keep default.,4000,Keep default,1000,100000,N,100
Renters,92071,Annabelle,Buchanan,03/03/1988,f,10445 Mast Blvd,Santee,CA,N,RENTED HOUSE - SINGLE FAMILY,1,0,,0,(408) 359-8979,william.palmer@gmail.com,N,N,N,N,Y,N,NONE,N,N,Keep default.,4000,Keep default,1000,100000,N,100
Renters,92108,Addison,Oconnor,11/18/1989,f,8685 Rio San Diego Dr,San Diego,CA,N,RENTED HOUSE - SINGLE FAMILY,1,0,,0,(415) 578-4349,scarlett.richard@gmail.com,N,N,N,N,Y,N,NONE,N,N,Keep default.,4000,Keep default,1000,100000,N,100
Renters,91913,Jasper,Fernandez,11/12/1990,f,1250 Santa Cora Ave,Chula Vista,CA,N,RENTED HOUSE - SINGLE FAMILY,1,0,,0,(415) 777-4850,scarlett.richard@gmail.com,N,N,N,N,Y,N,NONE,N,N,Keep default.,4000,Keep default,1000,100000,N,100
Renters,92029,Clara,Barber,03/03/1988,f,910 Del Dios Hwy,Escondido,CA,N,RENTED HOUSE - SINGLE FAMILY,1,0,,0,(415) 701-8366,scarlett.richard@gmail.com,N,N,N,N,Y,N,NONE,N,N,Keep default.,4000,Keep default,1000,100000,N,100
Renters,92040,Parker,Nelson,04/05/1990,f,12001 Woodside Ave,Lakeside,CA,N,RENTED HOUSE - SINGLE FAMILY,1,0,,0,(619) 286-7600,ana.webster@gmail.com,N,N,N,N,Y,N,NONE,N,N,Keep default.,4000,Keep default,1000,100000,N,100
Renters,92119,William,Harvey,03/27/1987,m,6575 Jaffe Ct,San Diego,CA,N,RENTED HOUSE - SINGLE FAMILY,1,0,,0,(510) 236-2860,scarlett.richard@gmail.com,N,N,N,N,Y,N,NONE,N,N,Keep default.,4000,Keep default,1000,100000,N,100
Renters,92027,Zoey,Mccarthy,07/31/1988,m,1501 E Grand Ave,Escondido,CA,N,RENTED HOUSE - SINGLE FAMILY,1,0,,0,(866) 835-1449,ana.webster@gmail.com,N,N,N,N,Y,N,NONE,N,N,Keep default.,4000,Keep default,1000,100000,N,100
Renters,92101,Juliet,Armstrong,03/27/1987,f,1007 5th Ave,San Diego,CA,N,RENTED HOUSE - SINGLE FAMILY,1,0,,0,(408) 266-1474,ian.schwartz@aol.com,N,N,N,N,Y,N,NONE,N,N,Keep default.,4000,Keep default,1000,100000,N,100
Renters,91942,Wyatt,Mcgee,12/1/1988,m,7576 Parkway Dr,La Mesa,CA,N,RENTED HOUSE - SINGLE FAMILY,1,0,,0,(415) 307-1871,scarlett.richard@gmail.com,N,N,N,N,Y,N,NONE,N,N,Keep default.,4000,Keep default,1000,100000,N,100
Renters,92111,Mila,Manning,03/08/1990,m,7575 Linda Vista Rd,San Diego,CA,N,RENTED HOUSE - SINGLE FAMILY,1,0,,0,(408) 437-1900,adrian.gilbert@outlook.com,N,N,N,N,Y,N,NONE,N,N,Keep default.,4000,Keep default,1000,100000,N,100
Renters,92120,Anastasia,Paul,07/31/1988,f,4555 Vandever Ave,San Diego,CA,N,RENTED HOUSE - SINGLE FAMILY,1,0,,0,(619) 270-5895,elias.cain@outlook.com,N,N,N,N,Y,N,NONE,N,N,Keep default.,4000,Keep default,1000,100000,N,100
Renters,91941,Savannah,Guerra,07/31/1988,f,4300 Echo Ct,La Mesa,CA,N,RENTED HOUSE - SINGLE FAMILY,1,0,,0,(925) 283-9912,elias.cain@outlook.com,N,N,N,N,Y,N,NONE,N,N,Keep default.,4000,Keep default,1000,100000,N,100
Renters,92123,Oliver,Ward,03/27/1987,f,3455 Kearny Villa Rd,San Diego,CA,N,RENTED HOUSE - SINGLE FAMILY,1,0,,0,(650) 589-2909,william.palmer@gmail.com,N,N,N,N,Y,N,NONE,N,N,Keep default.,4000,Keep default,1000,100000,N,100
Renters,92101,Nicolas,Shaw,03/08/1990,f,1670 Kettner Blvd Ste 2,San Diego,CA,N,RENTED HOUSE - SINGLE FAMILY,1,0,,0,(619) 448-8282,elias.cain@outlook.com,N,N,N,N,Y,N,NONE,N,N,Keep default.,4000,Keep default,1000,100000,N,100
Renters,92120,Mason,Harrington,02/04/1989,m,5320 Adobe Falls Rd,San Diego,CA,N,RENTED HOUSE - SINGLE FAMILY,1,0,,0,(650) 997-0670,ana.webster@gmail.com,N,N,N,N,Y,N,NONE,N,N,Keep default.,4000,Keep default,1000,100000,N,100
Renters,92071,Mila,Sandoval,05/06/1989,f,10122 Buena Vista Ave,Santee,CA,N,RENTED HOUSE - SINGLE FAMILY,1,0,,0,(650) 755-8133,eden.chen@outlook.com,N,N,N,N,Y,N,NONE,N,N,Keep default.,4000,Keep default,1000,100000,N,100
Renters,92040,Mila,Leon,03/03/1988,m,12002 Wintercrest Dr,Lakeside,CA,N,RENTED HOUSE - SINGLE FAMILY,1,0,,0,(831) 240-0330,elias.cain@outlook.com,N,N,N,N,Y,N,NONE,N,N,Keep default.,4000,Keep default,1000,100000,N,100
Renters,92123,Connor,Harrington,12/1/1988,m,9072 Gramercy Dr,San Diego,CA,N,RENTED HOUSE - SINGLE FAMILY,1,0,,0,(858) 693-1175,ian.schwartz@aol.com,N,N,N,N,Y,N,NONE,N,N,Keep default.,4000,Keep default,1000,100000,N,100
Renters,92122,Kole,Becker,07/31/1988,f,7039 Charmant Dr,San Diego,CA,N,RENTED HOUSE - SINGLE FAMILY,1,0,,0,(858) 565-9081,william.palmer@gmail.com,N,N,N,N,Y,N,NONE,N,N,Keep default.,4000,Keep default,1000,100000,N,100
Renters,92117,Lucas,Stevenson,06/06/1986,m,5150 Balboa Arms Dr,San Diego,CA,N,RENTED HOUSE - SINGLE FAMILY,1,0,,0,(619) 427-0190,elias.cain@outlook.com,N,N,N,N,Y,N,NONE,N,N,Keep default.,4000,Keep default,1000,100000,N,100
Renters,92126,Theodore,Chapman,03/03/1988,m,10201 Camino Ruiz,San Diego,CA,N,RENTED HOUSE - SINGLE FAMILY,1,0,,0,(408) 297-4675,ana.webster@gmail.com,N,N,N,N,Y,N,NONE,N,N,Keep default.,4000,Keep default,1000,100000,N,100
Renters,92078,Isla,Phillips,12/1/1988,f,601 S Twin Oaks Valley Rd,San Marcos,CA,N,RENTED HOUSE - SINGLE FAMILY,1,0,,0,(650) 557-4116,ana.webster@gmail.com,N,N,N,N,Y,N,NONE,N,N,Keep default.,4000,Keep default,1000,100000,N,100
Renters,92109,Avery,Mendoza,11/12/1990,f,3883 Ingraham St,San Diego,CA,N,RENTED HOUSE - SINGLE FAMILY,1,0,,0,(415) 255-2288,scarlett.richard@gmail.com,N,N,N,N,Y,N,NONE,N,N,Keep default.,4000,Keep default,1000,100000,N,100
Renters,92122,Hadley,Watson,03/27/1987,f,3950 Mahaila Ave,San Diego,CA,N,RENTED HOUSE - SINGLE FAMILY,1,0,,0,(415) 578-4349,scarlett.richard@gmail.com,N,N,N,N,Y,N,NONE,N,N,Keep default.,4000,Keep default,1000,100000,N,100
Renters,92115,Gavin,Wells,04/05/1990,m,5504 Montezuma Rd,San Diego,CA,N,RENTED HOUSE - SINGLE FAMILY,1,0,,0,(831) 240-0589,savannah.silva@aol.com,N,N,N,N,Y,N,NONE,N,N,Keep default.,4000,Keep default,1000,100000,N,100
Renters,92126,Nora,Cardenas,11/12/1990,m,11102 Caminito Alvarez,San Diego,CA,N,RENTED HOUSE - SINGLE FAMILY,1,0,,0,(650) 372-8336,eden.chen@outlook.com,N,N,N,N,Y,N,NONE,N,N,Keep default.,4000,Keep default,1000,100000,N,100
Renters,92122,Madeline,Wade,04/05/1990,m,8465 Regents Rd,San Diego,CA,N,RENTED HOUSE - SINGLE FAMILY,1,0,,0,(650) 288-4227,savannah.silva@aol.com,N,N,N,N,Y,N,NONE,N,N,Keep default.,4000,Keep default,1000,100000,N,100
Renters,92128,Chase,Campbell,04/05/1990,m,11820 Paseo Lucido,San Diego,CA,N,RENTED HOUSE - SINGLE FAMILY,1,0,,0,(408) 384-8887,elias.cain@outlook.com,N,N,N,N,Y,N,NONE,N,N,Keep default.,4000,Keep default,1000,100000,N,100
Renters,92064,Griffin,Williams,07/31/1988,m,12556 Oak Knoll Rd,Poway,CA,N,RENTED HOUSE - SINGLE FAMILY,1,0,,0,(707) 778-1221,elias.cain@outlook.com,N,N,N,N,Y,N,NONE,N,N,Keep default.,4000,Keep default,1000,100000,N,100
Renters,92126,Jase,Zimmerman,03/08/1990,m,7194 Schilling Ave,San Diego,CA,N,RENTED HOUSE - SINGLE FAMILY,1,0,,0,(510) 215-2850,ana.webster@gmail.com,N,N,N,N,Y,N,NONE,N,N,Keep default.,4000,Keep default,1000,100000,N,100
Renters,91978,Elsa,Webster,03/08/1990,m,3115 Sweetwater Springs Blvd,Spring Valley,CA,N,RENTED HOUSE - SINGLE FAMILY,1,0,,0,(415) 921-1969,eden.chen@outlook.com,N,N,N,N,Y,N,NONE,N,N,Keep default.,4000,Keep default,1000,100000,N,100
Renters,91977,Piper,Fischer,03/27/1987,m,3903 Conrad Dr,Spring Valley,CA,N,RENTED HOUSE - SINGLE FAMILY,1,0,,0,(707) 559-9571,scarlett.richard@gmail.com,N,N,N,N,Y,N,NONE,N,N,Keep default.,4000,Keep default,1000,100000,N,100
Renters,92021,Alexandra,Mullins,03/03/1988,f,532 Broadway,El Cajon,CA,N,RENTED HOUSE - SINGLE FAMILY,1,0,,0,(408) 214-1714,scarlett.richard@gmail.com,N,N,N,N,Y,N,NONE,N,N,Keep default.,4000,Keep default,1000,100000,N,100
Renters,91910,Elliot,Cruz,04/05/1990,f,561 Mc Intosh St,Chula Vista,CA,N,RENTED HOUSE - SINGLE FAMILY,1,0,,0,(855) 254-9912,elias.cain@outlook.com,N,N,N,N,Y,N,NONE,N,N,Keep default.,4000,Keep default,1000,100000,N,100
Renters,92081,Nolan,Hunter,02/04/1989,f,1982 Wellington Ln,Vista,CA,N,RENTED HOUSE - SINGLE FAMILY,1,0,,0,(415) 445-6530,alexandra.guerrero@aol.com,N,N,N,N,Y,N,NONE,N,N,Keep default.,4000,Keep default,1000,100000,N,100
Renters,92108,Autumn,Carr,03/03/1988,m,2265 River Run Dr,San Diego,CA,N,RENTED HOUSE - SINGLE FAMILY,1,0,,0,(650) 440-7285,elias.cain@outlook.com,N,N,N,N,Y,N,NONE,N,N,Keep default.,4000,Keep default,1000,100000,N,100
Renters,92101,Ava,Hall,12/1/1988,f,900 F St,San Diego,CA,N,RENTED HOUSE - SINGLE FAMILY,1,0,,0,(650) 591-8906,ana.webster@gmail.com,N,N,N,N,Y,N,NONE,N,N,Keep default.,4000,Keep default,1000,100000,N,100
Renters,92008,Lily,Robbins,04/05/1990,m,2715 Carlsbad Blvd,Carlsbad,CA,N,RENTED HOUSE - SINGLE FAMILY,1,0,,0,(415) 453-6204,savannah.silva@aol.com,N,N,N,N,Y,N,NONE,N,N,Keep default.,4000,Keep default,1000,100000,N,100
Renters,91914,Sophia,Foster,12/1/1988,f,861 Anchorage Pl,Chula Vista,CA,N,RENTED HOUSE - SINGLE FAMILY,1,0,,0,(415) 883-9600,scarlett.richard@gmail.com,N,N,N,N,Y,N,NONE,N,N,Keep default.,4000,Keep default,1000,100000,N,100
Renters,92120,Adrian,Sharp,12/1/1988,f,6398 Del Cerro Blvd 8,San Diego,CA,N,RENTED HOUSE - SINGLE FAMILY,1,0,,0,(619) 582-4074,ian.schwartz@aol.com,N,N,N,N,Y,N,NONE,N,N,Keep default.,4000,Keep default,1000,100000,N,100
Renters,92101,Savannah,Day,11/12/1990,m,1455 Kettner Blvd,San Diego,CA,N,RENTED HOUSE - SINGLE FAMILY,1,0,,0,(408) 842-4457,ana.webster@gmail.com,N,N,N,N,Y,N,NONE,N,N,Keep default.,4000,Keep default,1000,100000,N,100
Renters,92056,Vivienne,Mccormick,11/18/1989,f,3500 Windrift Way,Oceanside,CA,N,RENTED HOUSE - SINGLE FAMILY,1,0,,0,(415) 921-3469,elias.cain@outlook.com,N,N,N,N,Y,N,NONE,N,N,Keep default.,4000,Keep default,1000,100000,N,100
Renters,92122,Holden,Ayala,03/03/1988,m,8720 Costa Verde Blvd,San Diego,CA,N,RENTED HOUSE - SINGLE FAMILY,1,0,,0,(408) 266-1474,savannah.silva@aol.com,N,N,N,N,Y,N,NONE,N,N,Keep default.,4000,Keep default,1000,100000,N,100
Renters,92101,Lilly,Black,03/08/1990,f,600 Front St,San Diego,CA,N,RENTED HOUSE - SINGLE FAMILY,1,0,,0,(415) 513-0086,alexandra.guerrero@aol.com,N,N,N,N,Y,N,NONE,N,N,Keep default.,4000,Keep default,1000,100000,N,100
Renters,92021,Aaron,Anderson,02/04/1989,f,989 Peach Ave,El Cajon,CA,N,RENTED HOUSE - SINGLE FAMILY,1,0,,0,(408) 354-8910,lilly.hayes@aol.com,N,N,N,N,Y,N,NONE,N,N,Keep default.,4000,Keep default,1000,100000,N,100
Renters,92064,Luke,Vega,03/03/1988,m,12330 9th St,Poway,CA,N,RENTED HOUSE - SINGLE FAMILY,1,0,,0,(619) 610-0954,william.palmer@gmail.com,N,N,N,N,Y,N,NONE,N,N,Keep default.,4000,Keep default,1000,100000,N,100
Renters,95134,Aden,Olson,11/12/1990,f,345 Village Center Dr,San Jose,CA,N,RENTED HOUSE - SINGLE FAMILY,1,0,,0,(415) 491-1125,ana.webster@gmail.com,N,N,N,N,Y,N,NONE,N,N,Keep default.,4000,Keep default,1000,100000,N,100
Renters,95008,Paige,Bowers,11/12/1990,m,2275 S Bascom Ave,Campbell,CA,N,RENTED HOUSE - SINGLE FAMILY,1,0,,0,(650) 381-9788,ian.schwartz@aol.com,N,N,N,N,Y,N,NONE,N,N,Keep default.,4000,Keep default,1000,100000,N,100
Renters,94301,Quinn,Molina,07/31/1988,m,501 Forest Ave,Palo Alto,CA,N,RENTED HOUSE - SINGLE FAMILY,1,0,,0,(877) 271-1549,lilly.hayes@aol.com,N,N,N,N,Y,N,NONE,N,N,Keep default.,4000,Keep default,1000,100000,N,100
Renters,94040,Lorelei,Banks,04/05/1990,m,234 Escuela Ave,Mountain View,CA,N,RENTED HOUSE - SINGLE FAMILY,1,0,,0,(415) 334-2698,william.palmer@gmail.com,N,N,N,N,Y,N,NONE,N,N,Keep default.,4000,Keep default,1000,100000,N,100
Renters,94041,Addison,Brady,06/06/1986,f,151 Calderon Ave,Mountain View,CA,N,RENTED HOUSE - SINGLE FAMILY,1,0,,0,(415) 641-8003,elias.cain@outlook.com,N,N,N,N,Y,N,NONE,N,N,Keep default.,4000,Keep default,1000,100000,N,100
Renters,94086,Zoe,Becker,02/04/1989,m,825 E Evelyn Ave,Sunnyvale,CA,N,RENTED HOUSE - SINGLE FAMILY,1,0,,0,(415) 749-0101,elias.cain@outlook.com,N,N,N,N,Y,N,NONE,N,N,Keep default.,4000,Keep default,1000,100000,N,100
Renters,95054,Chloe,Jenkins,05/06/1989,f,502 Mansion Park Dr,Santa Clara,CA,N,RENTED HOUSE - SINGLE FAMILY,1,0,,0,(650) 854-2651,william.palmer@gmail.com,N,N,N,N,Y,N,NONE,N,N,Keep default.,4000,Keep default,1000,100000,N,100
Renters,94062,Stella,Bowers,03/27/1987,m,1212 Whipple Ave,Redwood City,CA,N,RENTED HOUSE - SINGLE FAMILY,1,0,,0,(415) 333-9956,scarlett.richard@gmail.com,N,N,N,N,Y,N,NONE,N,N,Keep default.,4000,Keep default,1000,100000,N,100
Renters,95134,Dillan,Reid,03/08/1990,f,4343 Renaissance Dr,San Jose,CA,N,RENTED HOUSE - SINGLE FAMILY,1,0,,0,(415) 688-2085,ana.webster@gmail.com,N,N,N,N,Y,N,NONE,N,N,Keep default.,4000,Keep default,1000,100000,N,100
Renters,95134,Adeline,Lawrence,11/12/1990,f,150 Alicante Dr,San Jose,CA,N,RENTED HOUSE - SINGLE FAMILY,1,0,,0,(650) 321-1000,ian.schwartz@aol.com,N,N,N,N,Y,N,NONE,N,N,Keep default.,4000,Keep default,1000,100000,N,100
Renters,94043,Quinn,Miller,11/12/1990,f,100 N Whisman Rd,Mountain View,CA,N,RENTED HOUSE - SINGLE FAMILY,1,0,,0,(707) 778-1221,adrian.gilbert@outlook.com,N,N,N,N,Y,N,NONE,N,N,Keep default.,4000,Keep default,1000,100000,N,100
Renters,95054,Landen,Padilla,02/04/1989,m,730 Agnew Rd,Santa Clara,CA,N,RENTED HOUSE - SINGLE FAMILY,1,0,,0,(415) 777-4100,savannah.silva@aol.com,N,N,N,N,Y,N,NONE,N,N,Keep default.,4000,Keep default,1000,100000,N,100
Renters,94086,Gemma,Wheeler,06/06/1986,m,243 Buena Vista Ave,Sunnyvale,CA,N,RENTED HOUSE - SINGLE FAMILY,1,0,,0,(415) 928-4631,elias.cain@outlook.com,N,N,N,N,Y,N,NONE,N,N,Keep default.,4000,Keep default,1000,100000,N,100
Renters,95035,Delilah,Chandler,03/08/1990,m,755 E Capitol Ave,Milpitas,CA,N,RENTED HOUSE - SINGLE FAMILY,1,0,,0,(408) 779-8986,ian.schwartz@aol.com,N,N,N,N,Y,N,NONE,N,N,Keep default.,4000,Keep default,1000,100000,N,100
Renters,94063,Reese,Ayala,02/04/1989,f,1553 El Camino Real,Redwood City,CA,N,RENTED HOUSE - SINGLE FAMILY,1,0,,0,(408) 720-8566,william.palmer@gmail.com,N,N,N,N,Y,N,NONE,N,N,Keep default.,4000,Keep default,1000,100000,N,100
Renters,94086,Lila,Reid,03/08/1990,m,355 E Evelyn Ave,Sunnyvale,CA,N,RENTED HOUSE - SINGLE FAMILY,1,0,,0,(408) 733-4733,adrian.gilbert@outlook.com,N,N,N,N,Y,N,NONE,N,N,Keep default.,4000,Keep default,1000,100000,N,100
Renters,94086,Hazel,Myers,11/12/1990,m,555 E Washington Ave,Sunnyvale,CA,N,RENTED HOUSE - SINGLE FAMILY,1,0,,0,(858) 571-0104,savannah.silva@aol.com,N,N,N,N,Y,N,NONE,N,N,Keep default.,4000,Keep default,1000,100000,N,100
Renters,95051,Chase,Whitaker,03/27/1987,f,3500 Granada Ave,Santa Clara,CA,N,RENTED HOUSE - SINGLE FAMILY,1,0,,0,(650) 588-0220,eden.chen@outlook.com,N,N,N,N,Y,N,NONE,N,N,Keep default.,4000,Keep default,1000,100000,N,100
Renters,94086,Annabelle,Kim,03/03/1988,m,655 S Fair Oaks Ave,Sunnyvale,CA,N,RENTED HOUSE - SINGLE FAMILY,1,0,,0,(415) 567-0683,william.palmer@gmail.com,N,N,N,N,Y,N,NONE,N,N,Keep default.,4000,Keep default,1000,100000,N,100
Renters,94043,Jonah,Bowman,11/18/1989,m,505 Central Ave,Mountain View,CA,N,RENTED HOUSE - SINGLE FAMILY,1,0,,0,(408) 216-8947,alexandra.guerrero@aol.com,N,N,N,N,Y,N,NONE,N,N,Keep default.,4000,Keep default,1000,100000,N,100
Renters,94087,Lucie,Reynolds,03/08/1990,f,575 E Remington Dr,Sunnyvale,CA,N,RENTED HOUSE - SINGLE FAMILY,1,0,,0,(831) 458-5042,scarlett.richard@gmail.com,N,N,N,N,Y,N,NONE,N,N,Keep default.,4000,Keep default,1000,100000,N,100
Renters,94025,Hannah,Hill,02/04/1989,f,600 Sharon Park Dr,Menlo Park,CA,N,RENTED HOUSE - SINGLE FAMILY,1,0,,0,(415) 334-2698,scarlett.richard@gmail.com,N,N,N,N,Y,N,NONE,N,N,Keep default.,4000,Keep default,1000,100000,N,100
Renters,94304,Ava,Ross,03/27/1987,f,700 Clark Way,Palo Alto,CA,N,RENTED HOUSE - SINGLE FAMILY,1,0,,0,(510) 240-9405,scarlett.richard@gmail.com,N,N,N,N,Y,N,NONE,N,N,Keep default.,4000,Keep default,1000,100000,N,100
Renters,94041,Hanna,Harvey,06/06/1986,f,1600 Villa St,Mountain View,CA,N,RENTED HOUSE - SINGLE FAMILY,1,0,,0,(650) 994-2247,ana.webster@gmail.com,N,N,N,N,Y,N,NONE,N,N,Keep default.,4000,Keep default,1000,100000,N,100
Renters,95112,Lilah,Terry,03/08/1990,f,1700 N 1st St,San Jose,CA,N,RENTED HOUSE - SINGLE FAMILY,1,0,,0,(844) 325-4744,lilly.hayes@aol.com,N,N,N,N,Y,N,NONE,N,N,Keep default.,4000,Keep default,1000,100000,N,100
Renters,94089,Micah,Fleming,03/27/1987,f,1235 Wildwood Ave,Sunnyvale,CA,N,RENTED HOUSE - SINGLE FAMILY,1,0,,0,(415) 931-6300,alexandra.guerrero@aol.com,N,N,N,N,Y,N,NONE,N,N,Keep default.,4000,Keep default,1000,100000,N,100
Renters,94087,Hunter,Mejia,11/18/1989,m,1575 Tenaka Pl,Sunnyvale,CA,N,RENTED HOUSE - SINGLE FAMILY,1,0,,0,(858) 271-4151,alexandra.guerrero@aol.com,N,N,N,N,Y,N,NONE,N,N,Keep default.,4000,Keep default,1000,100000,N,100
Renters,95014,Madelynn,Vega,04/05/1990,f,19608 Pruneridge Ave,Cupertino,CA,N,RENTED HOUSE - SINGLE FAMILY,1,0,,0,(415) 567-0683,alexandra.guerrero@aol.com,N,N,N,N,Y,N,NONE,N,N,Keep default.,4000,Keep default,1000,100000,N,100
Renters,92126,Noah,Peterson,04/05/1990,m,10201 Camino Ruiz,San Diego,CA,N,RENTED HOUSE - SINGLE FAMILY,1,0,,0,(650) 992-3500,alexandra.guerrero@aol.com,N,N,N,N,Y,N,NONE,N,N,Keep default.,4000,Keep default,1000,100000,N,100
Renters,94025,Daniel,Jensen,03/27/1987,f,600 Sharon Park Dr,Menlo Park,CA,Y,RENTED HOUSE - SINGLE FAMILY,1,0,,0,(858) 486-4834,elias.cain@outlook.com,N,N,N,N,Y,N,NONE,N,N,Keep default.,4000,Keep default,1000,100000,N,100
Renters,92115,Chloe,Martinez,04/05/1990,f,4424 44th St,San Diego,CA,N,RENTED HOUSE - SINGLE FAMILY,1,0,,0,(408) 384-8887,lilly.hayes@aol.com,N,N,N,N,Y,N,NONE,N,N,Keep default.,4000,Keep default,1000,100000,N,100
Renters,94086,Clara,Rojas,11/12/1990,f,180 Pasito Terrace,Sunnyvale,CA,N,RENTED HOUSE - SINGLE FAMILY,1,1,Theodore:Burgess,0,(707) 559-9571,ian.schwartz@aol.com,N,N,N,N,Y,N,NONE,N,N,Keep default.,4000,Keep default,1000,100000,N,100
Renters,94086,Leila,Wolfe,03/03/1988,m,355 E Evelyn Ave,Sunnyvale,CA,N,RENTED HOUSE - SINGLE FAMILY,1,2,Lydia:Ferguson|Arabella:Miles,0,(415) 474-8052,scarlett.richard@gmail.com,N,N,N,N,Y,N,NONE,N,N,Keep default.,4000,Keep default,1000,100000,N,100
Renters,92122,Addison,Long,03/08/1990,m,8720 Costa Verde Blvd,San Diego,CA,N,RENTED HOUSE - SINGLE FAMILY,1,0,,0,(415) 738-8121,scarlett.richard@gmail.com,N,N,N,N,Y,N,NONE,N,N,Keep default.,4000,Keep default,1000,100000,N,100
Renters,94105,Zoe,Beck,12/1/1988,m,88 Howard St,San Francisco,CA,N,RENTED HOUSE - SINGLE FAMILY,1,0,,1,(408) 723-2370,ana.webster@gmail.com,N,N,N,N,Y,N,NONE,N,N,Keep default.,4000,Keep default,1000,100000,N,100
Renters,94404,Lydia,Holland,06/06/1986,f,777 Shell Blvd,Foster City,CA,N,RENTED HOUSE - SINGLE FAMILY,1,0,,2,(415) 781-9000,ian.schwartz@aol.com,N,N,N,N,Y,N,NONE,N,N,Keep default.,4000,Keep default,1000,100000,N,100
Renters,94041,Sophie,Burns,05/06/1989,m,151 Calderon Ave,Mountain View,CA,N,RENTED HOUSE - SINGLE FAMILY,1,0,,3,(408) 263-6040,scarlett.richard@gmail.com,N,N,N,N,Y,N,NONE,N,N,Keep default.,4000,Keep default,1000,100000,N,100
Renters,92122,Avery,Burke,04/05/1990,m,5305 Toscana Way,San Diego,CA,N,RENTED HOUSE - SINGLE FAMILY,1,0,,4,(866) 671-1752,lilly.hayes@aol.com,N,N,N,N,Y,N,NONE,N,N,Keep default.,4000,Keep default,1000,100000,N,100
Renters,94103,Lorelei,Dixon,03/03/1988,m,44 Gough St 202,San Francisco,CA,N,RENTED HOUSE - SINGLE FAMILY,1,0,,0,(415) 981-2605,william.palmer@gmail.com,N,N,N,N,Y,N,NONE,N,N,Keep default.,4000,Keep default,1000,100000,N,100
Renters,95035,Violet,Conley,02/04/1989,f,755 E Capitol Ave,Milpitas,CA,N,RENTED HOUSE - SINGLE FAMILY,1,0,,0,(619) 280-5383,elias.cain@outlook.com,Y,N,N,N,Y,N,NONE,N,N,Keep default.,4000,Keep default,1000,100000,N,100
Renters,92109,Colton,Gardner,03/03/1988,f,3883 Ingraham St,San Diego,CA,N,RENTED HOUSE - SINGLE FAMILY,1,0,,0,(415) 978-9619,alexandra.guerrero@aol.com,N,N,N,N,Y,N,NONE,N,N,Keep default.,4000,Keep default,1000,100000,N,100
Renters,94114,Thomas,Vasquez,11/18/1989,f,3904 17th St,San Francisco,CA,N,RENTED HOUSE - SINGLE FAMILY,1,0,,0,(415) 567-0683,william.palmer@gmail.com,N,Y,N,N,Y,N,NONE,N,N,Keep default.,4000,Keep default,1000,100000,N,100
Renters,92122,Rhys,Mcgee,03/03/1988,m,5305 Toscana Way,San Diego,CA,N,RENTED HOUSE - SINGLE FAMILY,1,0,,0,(408) 733-9095,alexandra.guerrero@aol.com,N,N,N,N,Y,N,NONE,N,N,Keep default.,4000,Keep default,1000,100000,N,100
Renters,95051,Violet,Hawkins,03/08/1990,f,3500 Granada Ave,Santa Clara,CA,N,RENTED HOUSE - SINGLE FAMILY,1,0,,0,(510) 841-2760,lilly.hayes@aol.com,N,N,Y,N,Y,N,NONE,N,N,Keep default.,4000,Keep default,1000,100000,N,100
Renters,94061,Penelope,Harper,06/06/1986,m,707 Leahy St,Redwood City,CA,N,RENTED HOUSE - SINGLE FAMILY,1,0,,0,(415) 923-6900,elias.cain@outlook.com,N,N,N,N,Y,N,NONE,N,N,Keep default.,4000,Keep default,1000,100000,N,100
Renters,92081,Benjamin,Tyler,11/12/1990,m,1982 Wellington Ln,Vista,CA,N,RENTED HOUSE - SINGLE FAMILY,1,0,,0,(866) 835-1449,ana.webster@gmail.com,N,N,N,Y,Y,N,NONE,N,N,Keep default.,4000,Keep default,1000,100000,N,100
Renters,95050,Everly,Cross,05/06/1989,f,1599 Warburton Ave,Santa Clara,CA,N,RENTED HOUSE - SINGLE FAMILY,1,0,,0,(858) 486-4834,ian.schwartz@aol.com,N,N,N,N,Y,N,NONE,N,N,Keep default.,4000,Keep default,1000,100000,N,100
Renters,94105,Everly,Harrison,11/12/1990,f,121 Spear St B18,San Francisco,CA,N,RENTED HOUSE - SINGLE FAMILY,1,0,,0,(408) 736-8658,eden.chen@outlook.com,N,N,N,N,N,N,NONE,N,N,Keep default.,4000,Keep default,1000,100000,N,100
Renters,92126,Conner,Norton,04/05/1990,f,11102 Caminito Alvarez,San Diego,CA,N,RENTED HOUSE - SINGLE FAMILY,1,0,,0,(415) 861-3333,elias.cain@outlook.com,N,N,N,N,Y,N,NONE,N,N,Keep default.,4000,Keep default,1000,100000,N,100
Renters,92117,Avery,Wade,12/1/1988,f,5150 Balboa Arms Dr,San Diego,CA,N,RENTED HOUSE - SINGLE FAMILY,1,0,,0,(408) 255-6750,lilly.hayes@aol.com,N,N,N,N,Y,Y,NONE,N,N,Keep default.,4000,Keep default,1000,100000,N,100
Renters,92122,Alexandra,Deleon,07/31/1988,f,7039 Charmant Dr,San Diego,CA,N,RENTED HOUSE - SINGLE FAMILY,1,0,,0,(408) 988-7500,elias.cain@outlook.com,N,N,N,N,Y,N,NONE,N,N,Keep default.,4000,Keep default,1000,100000,N,100
Renters,94061,Nora,Stokes,03/03/1988,f,707 Leahy St,Redwood City,CA,N,RENTED HOUSE - SINGLE FAMILY,1,0,,0,(510) 793-2535,william.palmer@gmail.com,N,N,N,N,Y,N,NONE,Y,N,Keep default.,4000,Keep default,1000,100000,N,100
Renters,94545,Benjamin,Quinn,07/31/1988,f,25800 Industrial Blvd.,Hayward,CA,N,RENTED HOUSE - SINGLE FAMILY,1,0,,0,(866) 575-9826,elias.cain@outlook.com,N,N,N,N,Y,N,NONE,N,N,Keep default.,4000,Keep default,1000,100000,N,100
Renters,94105,Jasper,Kramer,03/08/1990,m,88 Howard St,San Francisco,CA,N,RENTED HOUSE - SINGLE FAMILY,1,0,,0,(415) 864-7368,elias.cain@outlook.com,N,N,N,N,Y,N,NONE,N,N,Keep default.,4000,Keep default,1000,100000,Y,100