Insurance Type,Zip code,First name,Last name,Date of birth,Gender,Address,City,State,Auto insurance coverage?,Property Type,# units,# unrelated roommates,roommate names,# property losses in last 3 years,Phone number,Email address,Fire Sprinkler System?,Central Fire & Burglar Alarm?,Local Fire / Smoke Alarm?,Home Security?,Non Smoking Household?,Local Burglar Alarm?,Unusual hazards?,Dogs that bite?,Run a business from home?,Start date,Personal property worth,Loss of use,Medical payments,Personal liability,Farmers Identity Protection,Deductible
Renters,95111,Easton,Craig,06/06/1994,f,2600 Corde Terra Cir,San Jose,CA,N,RENTED HOUSE - SINGLE FAMILY,1,0,,0,(408) 732-9450,william.palmer@gmail.com,N,N,N,N,Y,N,NONE,N,N,Keep default.,20000,Keep default,2000,500000,N,500
Renters,94086,Scarlet,Ramsey,05/06/1994,m,355 E Evelyn Ave,Sunnyvale,CA,N,RENTED HOUSE - SINGLE FAMILY,1,0,,0,(415) 861-3333,ana.webster@gmail.com,N,N,N,N,Y,N,NONE,N,N,Keep default.,24000,Keep default,2000,300000,N,750
Renters,95112,Greyson,Doyle,07/31/1993,f,1700 N 1st St,San Jose,CA,N,RENTED HOUSE - SINGLE FAMILY,1,0,,0,(415) 673-1232,alexandra.guerrero@aol.com,N,N,N,N,Y,N,NONE,N,N,Keep default.,28000,Keep default,2000,300000,N,1000
Renters,95112,Thomas,Fischer,03/08/1994,f,524 S 9th St,San Jose,CA,N,RENTED HOUSE - SINGLE FAMILY,1,0,,0,(408) 728-9514,scarlett.richard@gmail.com,N,N,N,N,Y,N,NONE,N,N,Keep default.,28000,Keep default,2000,500000,N,100 / 250
Renters,95014,Conner,Aguirre,03/03/1993,m,5608 Stevens Creek Blvd,Cupertino,CA,N,RENTED HOUSE - SINGLE FAMILY,1,0,,0,(707) 544-1400,savannah.silva@aol.com,N,N,N,N,Y,N,NONE,N,N,Keep default.,28000,Keep default,2000,500000,N,500
Renters,95030,Keira,James,04/05/1994,f,347 Massol Ave,Los Gatos,CA,N,RENTED HOUSE - SINGLE FAMILY,1,0,,0,(650) 589-2909,adrian.gilbert@outlook.com,N,N,N,N,Y,N,NONE,N,N,Keep default.,32000,Keep default,1000,100000,N,1500
Renters,95113,Elsa,Logan,02/04/1994,m,360 S Market St,San Jose,CA,N,RENTED HOUSE - SINGLE FAMILY,5+,0,,0,(866) 270-9902,william.palmer@gmail.com,N,N,N,N,Y,N,NONE,N,N,Keep default.,32000,Keep default,1000,500000,N,100 / 250
Renters,95051,Emmett,Cervantes,11/12/1994,f,1901 Halford Ave,Santa Clara,CA,N,RENTED HOUSE - SINGLE FAMILY,5+,0,,0,(650) 216-6886,savannah.silva@aol.com,N,N,N,N,Y,N,NONE,N,N,Keep default.,32000,Keep default,2000,100000,N,500
Renters,95111,Adrian,Jennings,03/03/1993,m,2600 Corde Terra Cir,San Jose,CA,N,RENTED HOUSE - SINGLE FAMILY,5+,0,,0,(510) 865-2875,adrian.gilbert@outlook.com,N,N,N,N,Y,N,NONE,N,N,Keep default.,32000,Keep default,2000,100000,N,2500
Renters,95136,Seth,Freeman,03/03/1993,m,4300 The Woods Dr,San Jose,CA,N,RENTED HOUSE - SINGLE FAMILY,5+,0,,0,(510) 223-2000,ian.schwartz@aol.com,N,N,N,N,Y,N,NONE,N,N,Keep default.,32000,Keep default,2000,500000,N,1000
Renters,95136,Dillon,Baker,03/03/1993,m,4300 The Woods Dr,San Jose,CA,N,RENTED HOUSE - SINGLE FAMILY,5+,0,,0,(415) 359-1333,eden.chen@outlook.com,N,N,N,N,Y,N,NONE,N,N,Keep default.,16000,Keep default,2000,100000,N,100 / 250
Renters,95008,Sebastian,White,11/18/1993,m,200 Hollis Ave,Campbell,CA,N,RENTED HOUSE - SINGLE FAMILY,5+,0,,0,(855) 365-1913,ian.schwartz@aol.com,N,N,N,N,Y,N,NONE,N,N,Keep default.,16000,Keep default,2000,300000,N,750
Renters,95126,Lucas,Caldwell,03/27/1994,f,1590 Southwest Expy,San Jose,CA,N,RENTED HOUSE - SINGLE FAMILY,5+,0,,0,(415) 956-8858,ana.webster@gmail.com,N,N,N,N,Y,N,NONE,N,N,Keep default.,20000,Keep default,1000,100000,N,5000
Renters,95126,Cole,Daniel,11/18/1993,m,950 Meridian Ave,San Jose,CA,N,RENTED HOUSE - SINGLE FAMILY,5+,0,,0,(408) 599-5321,savannah.silva@aol.com,N,N,N,N,Y,N,NONE,N,N,Keep default.,20000,Keep default,1000,300000,N,100
Renters,95054,Samuel,Trujillo,03/03/1993,m,4500 Carlyle Ct,Santa Clara,CA,N,RENTED HOUSE - SINGLE FAMILY,5+,0,,0,(415) 921-5733,lilly.hayes@aol.com,N,N,N,N,Y,N,NONE,N,N,Keep default.,20000,Keep default,1000,300000,N,2500
Renters,94089,Theodore,Freeman,04/05/1994,f,1235 Wildwood Ave,Sunnyvale,CA,N,RENTED HOUSE - SINGLE FAMILY,5+,0,,0,(925) 283-9912,elias.cain@outlook.com,N,N,N,N,Y,N,NONE,N,N,Keep default.,20000,Keep default,1000,300000,N,5000
Renters,94086,Elizabeth,Bowen,07/31/1993,f,1035 Aster Ave,Sunnyvale,CA,N,RENTED HOUSE - SINGLE FAMILY,5+,0,,0,(650) 352-3601,scarlett.richard@gmail.com,N,N,N,N,Y,N,NONE,N,N,Keep default.,20000,Keep default,1000,500000,N,100 / 250
Renters,94085,Fynn,Patel,03/08/1994,m,1257 Lakeside Dr,Sunnyvale,CA,N,RENTED HOUSE - SINGLE FAMILY,5+,0,,0,(408) 946-2955,savannah.silva@aol.com,N,N,N,N,Y,N,NONE,N,N,Keep default.,20000,Keep default,1000,500000,N,500
Renters,94043,Alexander,Vaughn,07/31/1993,f,555 W Middlefield Rd,Mountain View,CA,N,RENTED HOUSE - SINGLE FAMILY,5+,0,,0,(866) 932-5588,ian.schwartz@aol.com,N,N,N,N,Y,N,NONE,N,N,Keep default.,20000,Keep default,2000,300000,N,100 / 250
Renters,95129,Isabella,Porter,11/18/1993,m,355 Kiely Blvd,San Jose,CA,N,RENTED HOUSE - SINGLE FAMILY,5+,0,,0,(510) 793-2535,adrian.gilbert@outlook.com,N,N,N,N,Y,N,NONE,N,N,Keep default.,20000,Keep default,2000,300000,N,2500
Renters,95035,William,Daniel,06/06/1994,m,440 Dixon Landing Rd,Milpitas,CA,N,RENTED HOUSE - SINGLE FAMILY,5+,0,,0,(877) 516-8284,adrian.gilbert@outlook.com,N,N,N,N,Y,N,NONE,N,N,Keep default.,24000,Keep default,1000,100000,N,100
Renters,94040,Daniel,Ingram,04/05/1994,m,1200 Dale Ave,Mountain View,CA,N,RENTED HOUSE - SINGLE FAMILY,5+,0,,0,(877) 516-8284,elias.cain@outlook.com,N,N,N,N,Y,N,NONE,N,N,Keep default.,24000,Keep default,1000,300000,N,250
Renters,94086,Nora,Castro,05/06/1994,f,1035 Aster Ave,Sunnyvale,CA,N,RENTED HOUSE - SINGLE FAMILY,5+,0,,0,(408) 737-2900,adrian.gilbert@outlook.com,N,N,N,N,Y,N,NONE,N,N,Keep default.,24000,Keep default,2000,500000,N,1500
Renters,95054,Felix,Townsend,04/05/1941,f,550 Moreland Way,Santa Clara,CA,N,RENTED HOUSE - SINGLE FAMILY,1,0,,0,(408) 294-5333,eden.chen@outlook.com,N,N,N,N,Y,N,NONE,N,N,Keep default.,50000,Keep default,2000,100000,N,500
Renters,95136,Julia,Todd,03/08/1940,m,3601 Copperfield Dr,San Jose,CA,N,RENTED HOUSE - SINGLE FAMILY,1,0,,0,(888) 586-1355,savannah.silva@aol.com,N,N,N,N,Y,N,NONE,N,N,Keep default.,60000,Keep default,2000,300000,N,5000
